Group,Path,Name,SourceType,RawTrueFraction,FinalPorosity,Inverted,Shape
GT,../dataset/NPY/Bentheimer\sample_z0_y0_x0.npy,sample_z0_y0_x0.npy,npy,0.7425366640090942,0.25746333599090576,True,256x256x256
GT,../dataset/NPY/Bentheimer\sample_z0_y0_x128.npy,sample_z0_y0_x128.npy,npy,0.7592529058456421,0.2407470941543579,True,256x256x256
GT,../dataset/NPY/Bentheimer\sample_z0_y0_x256.npy,sample_z0_y0_x256.npy,npy,0.718539297580719,0.281460702419281,True,256x256x256
GT,../dataset/NPY/Bentheimer\sample_z0_y0_x384.npy,sample_z0_y0_x384.npy,npy,0.7071893811225891,0.2928106188774109,True,256x256x256
GT,../dataset/NPY/Bentheimer\sample_z0_y0_x512.npy,sample_z0_y0_x512.npy,npy,0.706949770450592,0.29305022954940796,True,256x256x256
GT,../dataset/NPY/Bentheimer\sample_z0_y0_x640.npy,sample_z0_y0_x640.npy,npy,0.7088456153869629,0.2911543846130371,True,256x256x256
GT,../dataset/NPY/Bentheimer\sample_z0_y128_x0.npy,sample_z0_y128_x0.npy,npy,0.7479481101036072,0.2520518898963928,True,256x256x256
GT,../dataset/NPY/Bentheimer\sample_z0_y128_x128.npy,sample_z0_y128_x128.npy,npy,0.7244104743003845,0.2755895256996155,True,256x256x256
GT,../dataset/NPY/Bentheimer\sample_z0_y128_x256.npy,sample_z0_y128_x256.npy,npy,0.7270470261573792,0.27295297384262085,True,256x256x256
GT,../dataset/NPY/Bentheimer\sample_z0_y128_x384.npy,sample_z0_y128_x384.npy,npy,0.7400908470153809,0.25990915298461914,True,256x256x256
GT,../dataset/NPY/Bentheimer\sample_z0_y128_x512.npy,sample_z0_y128_x512.npy,npy,0.7244753241539001,0.27552467584609985,True,256x256x256
GT,../dataset/NPY/Bentheimer\sample_z0_y128_x640.npy,sample_z0_y128_x640.npy,npy,0.7331427335739136,0.2668572664260864,True,256x256x256
GT,../dataset/NPY/Bentheimer\sample_z0_y256_x0.npy,sample_z0_y256_x0.npy,npy,0.7291280031204224,0.27087199687957764,True,256x256x256
GT,../dataset/NPY/Bentheimer\sample_z0_y256_x128.npy,sample_z0_y256_x128.npy,npy,0.6906751990318298,0.30932480096817017,True,256x256x256
GT,../dataset/NPY/Bentheimer\sample_z0_y256_x256.npy,sample_z0_y256_x256.npy,npy,0.7137491106987,0.28625088930130005,True,256x256x256
GT,../dataset/NPY/Bentheimer\sample_z0_y256_x384.npy,sample_z0_y256_x384.npy,npy,0.7379382252693176,0.2620617747306824,True,256x256x256
GT,../dataset/NPY/Bentheimer\sample_z0_y256_x512.npy,sample_z0_y256_x512.npy,npy,0.7286715507507324,0.2713284492492676,True,256x256x256
GT,../dataset/NPY/Bentheimer\sample_z0_y256_x640.npy,sample_z0_y256_x640.npy,npy,0.7390099167823792,0.26099008321762085,True,256x256x256
GT,../dataset/NPY/Bentheimer\sample_z0_y384_x0.npy,sample_z0_y384_x0.npy,npy,0.7472060918807983,0.25279390811920166,True,256x256x256
GT,../dataset/NPY/Bentheimer\sample_z0_y384_x128.npy,sample_z0_y384_x128.npy,npy,0.7575943470001221,0.24240565299987793,True,256x256x256
GT,../dataset/NPY/Bentheimer\sample_z0_y384_x256.npy,sample_z0_y384_x256.npy,npy,0.7430644035339355,0.25693559646606445,True,256x256x256
GT,../dataset/NPY/Bentheimer\sample_z0_y384_x384.npy,sample_z0_y384_x384.npy,npy,0.7236636877059937,0.27633631229400635,True,256x256x256
GT,../dataset/NPY/Bentheimer\sample_z0_y384_x512.npy,sample_z0_y384_x512.npy,npy,0.7191328406333923,0.28086715936660767,True,256x256x256
GT,../dataset/NPY/Bentheimer\sample_z0_y384_x640.npy,sample_z0_y384_x640.npy,npy,0.7403639554977417,0.2596360445022583,True,256x256x256
GT,../dataset/NPY/Bentheimer\sample_z0_y512_x0.npy,sample_z0_y512_x0.npy,npy,0.7624492645263672,0.2375507354736328,True,256x256x256
GT,../dataset/NPY/Bentheimer\sample_z0_y512_x128.npy,sample_z0_y512_x128.npy,npy,0.7947264313697815,0.2052735686302185,True,256x256x256
GT,../dataset/NPY/Bentheimer\sample_z0_y512_x256.npy,sample_z0_y512_x256.npy,npy,0.7558973431587219,0.24410265684127808,True,256x256x256
GT,../dataset/NPY/Bentheimer\sample_z0_y512_x384.npy,sample_z0_y512_x384.npy,npy,0.7262684106826782,0.2737315893173218,True,256x256x256
GT,../dataset/NPY/Bentheimer\sample_z0_y512_x512.npy,sample_z0_y512_x512.npy,npy,0.720673680305481,0.27932631969451904,True,256x256x256
GT,../dataset/NPY/Bentheimer\sample_z0_y512_x640.npy,sample_z0_y512_x640.npy,npy,0.7438620924949646,0.2561379075050354,True,256x256x256
GT,../dataset/NPY/Bentheimer\sample_z0_y640_x0.npy,sample_z0_y640_x0.npy,npy,0.749186635017395,0.250813364982605,True,256x256x256
GT,../dataset/NPY/Bentheimer\sample_z0_y640_x128.npy,sample_z0_y640_x128.npy,npy,0.763738214969635,0.236261785030365,True,256x256x256
GT,../dataset/NPY/Bentheimer\sample_z0_y640_x256.npy,sample_z0_y640_x256.npy,npy,0.7429836988449097,0.25701630115509033,True,256x256x256
GT,../dataset/NPY/Bentheimer\sample_z0_y640_x384.npy,sample_z0_y640_x384.npy,npy,0.7326701283454895,0.2673298716545105,True,256x256x256
GT,../dataset/NPY/Bentheimer\sample_z0_y640_x512.npy,sample_z0_y640_x512.npy,npy,0.7373796105384827,0.26262038946151733,True,256x256x256
GT,../dataset/NPY/Bentheimer\sample_z0_y640_x640.npy,sample_z0_y640_x640.npy,npy,0.7401790618896484,0.25982093811035156,True,256x256x256
GT,../dataset/NPY/Bentheimer\sample_z128_y0_x0.npy,sample_z128_y0_x0.npy,npy,0.7374452352523804,0.26255476474761963,True,256x256x256
GT,../dataset/NPY/Bentheimer\sample_z128_y0_x128.npy,sample_z128_y0_x128.npy,npy,0.7433919310569763,0.2566080689430237,True,256x256x256
GT,../dataset/NPY/Bentheimer\sample_z128_y0_x256.npy,sample_z128_y0_x256.npy,npy,0.7339602708816528,0.26603972911834717,True,256x256x256
GT,../dataset/NPY/Bentheimer\sample_z128_y0_x384.npy,sample_z128_y0_x384.npy,npy,0.7003682851791382,0.2996317148208618,True,256x256x256
GT,../dataset/NPY/Bentheimer\sample_z128_y0_x512.npy,sample_z128_y0_x512.npy,npy,0.6735473275184631,0.32645267248153687,True,256x256x256
GT,../dataset/NPY/Bentheimer\sample_z128_y0_x640.npy,sample_z128_y0_x640.npy,npy,0.6945213079452515,0.30547869205474854,True,256x256x256
GT,../dataset/NPY/Bentheimer\sample_z128_y128_x0.npy,sample_z128_y128_x0.npy,npy,0.7418344020843506,0.2581655979156494,True,256x256x256
GT,../dataset/NPY/Bentheimer\sample_z128_y128_x128.npy,sample_z128_y128_x128.npy,npy,0.7219327688217163,0.2780672311782837,True,256x256x256
GT,../dataset/NPY/Bentheimer\sample_z128_y128_x256.npy,sample_z128_y128_x256.npy,npy,0.7280222773551941,0.2719777226448059,True,256x256x256
GT,../dataset/NPY/Bentheimer\sample_z128_y128_x384.npy,sample_z128_y128_x384.npy,npy,0.7366589903831482,0.2633410096168518,True,256x256x256
GT,../dataset/NPY/Bentheimer\sample_z128_y128_x512.npy,sample_z128_y128_x512.npy,npy,0.6980406641960144,0.3019593358039856,True,256x256x256
GT,../dataset/NPY/Bentheimer\sample_z128_y128_x640.npy,sample_z128_y128_x640.npy,npy,0.7251653671264648,0.27483463287353516,True,256x256x256
GT,../dataset/NPY/Bentheimer\sample_z128_y256_x0.npy,sample_z128_y256_x0.npy,npy,0.7350760102272034,0.26492398977279663,True,256x256x256
GT,../dataset/NPY/Bentheimer\sample_z128_y256_x128.npy,sample_z128_y256_x128.npy,npy,0.7062652707099915,0.29373472929000854,True,256x256x256
GT,../dataset/NPY/Bentheimer\sample_z128_y256_x256.npy,sample_z128_y256_x256.npy,npy,0.7275773882865906,0.2724226117134094,True,256x256x256
GT,../dataset/NPY/Bentheimer\sample_z128_y256_x384.npy,sample_z128_y256_x384.npy,npy,0.7536879777908325,0.24631202220916748,True,256x256x256
GT,../dataset/NPY/Bentheimer\sample_z128_y256_x512.npy,sample_z128_y256_x512.npy,npy,0.7298929691314697,0.2701070308685303,True,256x256x256
GT,../dataset/NPY/Bentheimer\sample_z128_y256_x640.npy,sample_z128_y256_x640.npy,npy,0.745161235332489,0.254838764667511,True,256x256x256
GT,../dataset/NPY/Bentheimer\sample_z128_y384_x0.npy,sample_z128_y384_x0.npy,npy,0.7655724883079529,0.23442751169204712,True,256x256x256
GT,../dataset/NPY/Bentheimer\sample_z128_y384_x128.npy,sample_z128_y384_x128.npy,npy,0.7602741718292236,0.23972582817077637,True,256x256x256
GT,../dataset/NPY/Bentheimer\sample_z128_y384_x256.npy,sample_z128_y384_x256.npy,npy,0.7578302025794983,0.2421697974205017,True,256x256x256
GT,../dataset/NPY/Bentheimer\sample_z128_y384_x384.npy,sample_z128_y384_x384.npy,npy,0.7393232583999634,0.2606767416000366,True,256x256x256
GT,../dataset/NPY/Bentheimer\sample_z128_y384_x512.npy,sample_z128_y384_x512.npy,npy,0.7339847683906555,0.2660152316093445,True,256x256x256
GT,../dataset/NPY/Bentheimer\sample_z128_y384_x640.npy,sample_z128_y384_x640.npy,npy,0.7359889149665833,0.26401108503341675,True,256x256x256
GT,../dataset/NPY/Bentheimer\sample_z128_y512_x0.npy,sample_z128_y512_x0.npy,npy,0.7622989416122437,0.23770105838775635,True,256x256x256
GT,../dataset/NPY/Bentheimer\sample_z128_y512_x128.npy,sample_z128_y512_x128.npy,npy,0.7877506613731384,0.21224933862686157,True,256x256x256
GT,../dataset/NPY/Bentheimer\sample_z128_y512_x256.npy,sample_z128_y512_x256.npy,npy,0.7518118023872375,0.24818819761276245,True,256x256x256
GT,../dataset/NPY/Bentheimer\sample_z128_y512_x384.npy,sample_z128_y512_x384.npy,npy,0.7204797267913818,0.27952027320861816,True,256x256x256
GT,../dataset/NPY/Bentheimer\sample_z128_y512_x512.npy,sample_z128_y512_x512.npy,npy,0.7364360690116882,0.26356393098831177,True,256x256x256
GT,../dataset/NPY/Bentheimer\sample_z128_y512_x640.npy,sample_z128_y512_x640.npy,npy,0.7425702214241028,0.2574297785758972,True,256x256x256
GT,../dataset/NPY/Bentheimer\sample_z128_y640_x0.npy,sample_z128_y640_x0.npy,npy,0.7445462942123413,0.2554537057876587,True,256x256x256
GT,../dataset/NPY/Bentheimer\sample_z128_y640_x128.npy,sample_z128_y640_x128.npy,npy,0.7578212022781372,0.2421787977218628,True,256x256x256
GT,../dataset/NPY/Bentheimer\sample_z128_y640_x256.npy,sample_z128_y640_x256.npy,npy,0.7275068759918213,0.2724931240081787,True,256x256x256
GT,../dataset/NPY/Bentheimer\sample_z128_y640_x384.npy,sample_z128_y640_x384.npy,npy,0.7134320735931396,0.28656792640686035,True,256x256x256
GT,../dataset/NPY/Bentheimer\sample_z128_y640_x512.npy,sample_z128_y640_x512.npy,npy,0.7277776598930359,0.2722223401069641,True,256x256x256
GT,../dataset/NPY/Bentheimer\sample_z128_y640_x640.npy,sample_z128_y640_x640.npy,npy,0.7469744086265564,0.2530255913734436,True,256x256x256
GT,../dataset/NPY/Bentheimer\sample_z256_y0_x0.npy,sample_z256_y0_x0.npy,npy,0.7169689536094666,0.28303104639053345,True,256x256x256
GT,../dataset/NPY/Bentheimer\sample_z256_y0_x128.npy,sample_z256_y0_x128.npy,npy,0.7296470999717712,0.27035290002822876,True,256x256x256
GT,../dataset/NPY/Bentheimer\sample_z256_y0_x256.npy,sample_z256_y0_x256.npy,npy,0.7253965735435486,0.2746034264564514,True,256x256x256
GT,../dataset/NPY/Bentheimer\sample_z256_y0_x384.npy,sample_z256_y0_x384.npy,npy,0.6997966766357422,0.3002033233642578,True,256x256x256
GT,../dataset/NPY/Bentheimer\sample_z256_y0_x512.npy,sample_z256_y0_x512.npy,npy,0.7074507474899292,0.2925492525100708,True,256x256x256
GT,../dataset/NPY/Bentheimer\sample_z256_y0_x640.npy,sample_z256_y0_x640.npy,npy,0.7364907264709473,0.26350927352905273,True,256x256x256
GT,../dataset/NPY/Bentheimer\sample_z256_y128_x0.npy,sample_z256_y128_x0.npy,npy,0.7276940941810608,0.2723059058189392,True,256x256x256
GT,../dataset/NPY/Bentheimer\sample_z256_y128_x128.npy,sample_z256_y128_x128.npy,npy,0.7234178781509399,0.27658212184906006,True,256x256x256
GT,../dataset/NPY/Bentheimer\sample_z256_y128_x256.npy,sample_z256_y128_x256.npy,npy,0.7295088768005371,0.2704911231994629,True,256x256x256
GT,../dataset/NPY/Bentheimer\sample_z256_y128_x384.npy,sample_z256_y128_x384.npy,npy,0.7263872027397156,0.2736127972602844,True,256x256x256
GT,../dataset/NPY/Bentheimer\sample_z256_y128_x512.npy,sample_z256_y128_x512.npy,npy,0.7077881097793579,0.2922118902206421,True,256x256x256
GT,../dataset/NPY/Bentheimer\sample_z256_y128_x640.npy,sample_z256_y128_x640.npy,npy,0.7224465012550354,0.2775534987449646,True,256x256x256
GT,../dataset/NPY/Bentheimer\sample_z256_y256_x0.npy,sample_z256_y256_x0.npy,npy,0.741642415523529,0.25835758447647095,True,256x256x256
GT,../dataset/NPY/Bentheimer\sample_z256_y256_x128.npy,sample_z256_y256_x128.npy,npy,0.7434231042861938,0.25657689571380615,True,256x256x256
GT,../dataset/NPY/Bentheimer\sample_z256_y256_x256.npy,sample_z256_y256_x256.npy,npy,0.7501474618911743,0.24985253810882568,True,256x256x256
GT,../dataset/NPY/Bentheimer\sample_z256_y256_x384.npy,sample_z256_y256_x384.npy,npy,0.7408842444419861,0.2591157555580139,True,256x256x256
GT,../dataset/NPY/Bentheimer\sample_z256_y256_x512.npy,sample_z256_y256_x512.npy,npy,0.715732753276825,0.28426724672317505,True,256x256x256
GT,../dataset/NPY/Bentheimer\sample_z256_y256_x640.npy,sample_z256_y256_x640.npy,npy,0.7204517722129822,0.2795482277870178,True,256x256x256
GT,../dataset/NPY/Bentheimer\sample_z256_y384_x0.npy,sample_z256_y384_x0.npy,npy,0.763562023639679,0.23643797636032104,True,256x256x256
GT,../dataset/NPY/Bentheimer\sample_z256_y384_x128.npy,sample_z256_y384_x128.npy,npy,0.7625448703765869,0.23745512962341309,True,256x256x256
GT,../dataset/NPY/Bentheimer\sample_z256_y384_x256.npy,sample_z256_y384_x256.npy,npy,0.7540349364280701,0.24596506357192993,True,256x256x256
GT,../dataset/NPY/Bentheimer\sample_z256_y384_x384.npy,sample_z256_y384_x384.npy,npy,0.7523865103721619,0.24761348962783813,True,256x256x256
GT,../dataset/NPY/Bentheimer\sample_z256_y384_x512.npy,sample_z256_y384_x512.npy,npy,0.749175488948822,0.250824511051178,True,256x256x256
GT,../dataset/NPY/Bentheimer\sample_z256_y384_x640.npy,sample_z256_y384_x640.npy,npy,0.7276028990745544,0.27239710092544556,True,256x256x256
GT,../dataset/NPY/Bentheimer\sample_z256_y512_x0.npy,sample_z256_y512_x0.npy,npy,0.7463387846946716,0.25366121530532837,True,256x256x256
GT,../dataset/NPY/Bentheimer\sample_z256_y512_x128.npy,sample_z256_y512_x128.npy,npy,0.7486087679862976,0.2513912320137024,True,256x256x256
GT,../dataset/NPY/Bentheimer\sample_z256_y512_x256.npy,sample_z256_y512_x256.npy,npy,0.733470618724823,0.266529381275177,True,256x256x256
GT,../dataset/NPY/Bentheimer\sample_z256_y512_x384.npy,sample_z256_y512_x384.npy,npy,0.7256736755371094,0.2743263244628906,True,256x256x256
GT,../dataset/NPY/Bentheimer\sample_z256_y512_x512.npy,sample_z256_y512_x512.npy,npy,0.7403632998466492,0.25963670015335083,True,256x256x256
GT,../dataset/NPY/Bentheimer\sample_z256_y512_x640.npy,sample_z256_y512_x640.npy,npy,0.7019953727722168,0.2980046272277832,True,256x256x256
GT,../dataset/NPY/Bentheimer\sample_z256_y640_x0.npy,sample_z256_y640_x0.npy,npy,0.7398518919944763,0.2601481080055237,True,256x256x256
GT,../dataset/NPY/Bentheimer\sample_z256_y640_x128.npy,sample_z256_y640_x128.npy,npy,0.7412769198417664,0.25872308015823364,True,256x256x256
GT,../dataset/NPY/Bentheimer\sample_z256_y640_x256.npy,sample_z256_y640_x256.npy,npy,0.7403366565704346,0.25966334342956543,True,256x256x256
GT,../dataset/NPY/Bentheimer\sample_z256_y640_x384.npy,sample_z256_y640_x384.npy,npy,0.7045053243637085,0.2954946756362915,True,256x256x256
GT,../dataset/NPY/Bentheimer\sample_z256_y640_x512.npy,sample_z256_y640_x512.npy,npy,0.7025447487831116,0.2974552512168884,True,256x256x256
GT,../dataset/NPY/Bentheimer\sample_z256_y640_x640.npy,sample_z256_y640_x640.npy,npy,0.7024515867233276,0.29754841327667236,True,256x256x256
GT,../dataset/NPY/Bentheimer\sample_z384_y0_x0.npy,sample_z384_y0_x0.npy,npy,0.7096781730651855,0.29032182693481445,True,256x256x256
GT,../dataset/NPY/Bentheimer\sample_z384_y0_x128.npy,sample_z384_y0_x128.npy,npy,0.7326158881187439,0.2673841118812561,True,256x256x256
GT,../dataset/NPY/Bentheimer\sample_z384_y0_x256.npy,sample_z384_y0_x256.npy,npy,0.7520469427108765,0.24795305728912354,True,256x256x256
GT,../dataset/NPY/Bentheimer\sample_z384_y0_x384.npy,sample_z384_y0_x384.npy,npy,0.7406059503555298,0.2593940496444702,True,256x256x256
GT,../dataset/NPY/Bentheimer\sample_z384_y0_x512.npy,sample_z384_y0_x512.npy,npy,0.7114758491516113,0.28852415084838867,True,256x256x256
GT,../dataset/NPY/Bentheimer\sample_z384_y0_x640.npy,sample_z384_y0_x640.npy,npy,0.7114647626876831,0.2885352373123169,True,256x256x256
GT,../dataset/NPY/Bentheimer\sample_z384_y128_x0.npy,sample_z384_y128_x0.npy,npy,0.7137894034385681,0.2862105965614319,True,256x256x256
GT,../dataset/NPY/Bentheimer\sample_z384_y128_x128.npy,sample_z384_y128_x128.npy,npy,0.7271981239318848,0.27280187606811523,True,256x256x256
GT,../dataset/NPY/Bentheimer\sample_z384_y128_x256.npy,sample_z384_y128_x256.npy,npy,0.7542623281478882,0.24573767185211182,True,256x256x256
GT,../dataset/NPY/Bentheimer\sample_z384_y128_x384.npy,sample_z384_y128_x384.npy,npy,0.7198835015296936,0.2801164984703064,True,256x256x256
GT,../dataset/NPY/Bentheimer\sample_z384_y128_x512.npy,sample_z384_y128_x512.npy,npy,0.7028478384017944,0.29715216159820557,True,256x256x256
GT,../dataset/NPY/Bentheimer\sample_z384_y128_x640.npy,sample_z384_y128_x640.npy,npy,0.717555820941925,0.28244417905807495,True,256x256x256
GT,../dataset/NPY/Bentheimer\sample_z384_y256_x0.npy,sample_z384_y256_x0.npy,npy,0.7389974594116211,0.2610025405883789,True,256x256x256
GT,../dataset/NPY/Bentheimer\sample_z384_y256_x128.npy,sample_z384_y256_x128.npy,npy,0.7439166307449341,0.2560833692550659,True,256x256x256
GT,../dataset/NPY/Bentheimer\sample_z384_y256_x256.npy,sample_z384_y256_x256.npy,npy,0.7457467913627625,0.25425320863723755,True,256x256x256
GT,../dataset/NPY/Bentheimer\sample_z384_y256_x384.npy,sample_z384_y256_x384.npy,npy,0.7163161635398865,0.2836838364601135,True,256x256x256
GT,../dataset/NPY/Bentheimer\sample_z384_y256_x512.npy,sample_z384_y256_x512.npy,npy,0.7037181854248047,0.2962818145751953,True,256x256x256
GT,../dataset/NPY/Bentheimer\sample_z384_y256_x640.npy,sample_z384_y256_x640.npy,npy,0.7127896547317505,0.2872103452682495,True,256x256x256
GT,../dataset/NPY/Bentheimer\sample_z384_y384_x0.npy,sample_z384_y384_x0.npy,npy,0.7507075667381287,0.24929243326187134,True,256x256x256
GT,../dataset/NPY/Bentheimer\sample_z384_y384_x128.npy,sample_z384_y384_x128.npy,npy,0.7576159238815308,0.24238407611846924,True,256x256x256
GT,../dataset/NPY/Bentheimer\sample_z384_y384_x256.npy,sample_z384_y384_x256.npy,npy,0.7398196458816528,0.26018035411834717,True,256x256x256
GT,../dataset/NPY/Bentheimer\sample_z384_y384_x384.npy,sample_z384_y384_x384.npy,npy,0.7325296998023987,0.2674703001976013,True,256x256x256
GT,../dataset/NPY/Bentheimer\sample_z384_y384_x512.npy,sample_z384_y384_x512.npy,npy,0.7355064153671265,0.26449358463287354,True,256x256x256
GT,../dataset/NPY/Bentheimer\sample_z384_y384_x640.npy,sample_z384_y384_x640.npy,npy,0.7322399616241455,0.2677600383758545,True,256x256x256
GT,../dataset/NPY/Bentheimer\sample_z384_y512_x0.npy,sample_z384_y512_x0.npy,npy,0.7515190243721008,0.24848097562789917,True,256x256x256
GT,../dataset/NPY/Bentheimer\sample_z384_y512_x128.npy,sample_z384_y512_x128.npy,npy,0.7436851859092712,0.25631481409072876,True,256x256x256
GT,../dataset/NPY/Bentheimer\sample_z384_y512_x256.npy,sample_z384_y512_x256.npy,npy,0.7332240343093872,0.2667759656906128,True,256x256x256
GT,../dataset/NPY/Bentheimer\sample_z384_y512_x384.npy,sample_z384_y512_x384.npy,npy,0.7218709588050842,0.27812904119491577,True,256x256x256
GT,../dataset/NPY/Bentheimer\sample_z384_y512_x512.npy,sample_z384_y512_x512.npy,npy,0.7313961982727051,0.2686038017272949,True,256x256x256
GT,../dataset/NPY/Bentheimer\sample_z384_y512_x640.npy,sample_z384_y512_x640.npy,npy,0.7141855359077454,0.28581446409225464,True,256x256x256
GT,../dataset/NPY/Bentheimer\sample_z384_y640_x0.npy,sample_z384_y640_x0.npy,npy,0.764248251914978,0.23575174808502197,True,256x256x256
GT,../dataset/NPY/Bentheimer\sample_z384_y640_x128.npy,sample_z384_y640_x128.npy,npy,0.7401031255722046,0.2598968744277954,True,256x256x256
GT,../dataset/NPY/Bentheimer\sample_z384_y640_x256.npy,sample_z384_y640_x256.npy,npy,0.7421159744262695,0.25788402557373047,True,256x256x256
GT,../dataset/NPY/Bentheimer\sample_z384_y640_x384.npy,sample_z384_y640_x384.npy,npy,0.7313066720962524,0.26869332790374756,True,256x256x256
GT,../dataset/NPY/Bentheimer\sample_z384_y640_x512.npy,sample_z384_y640_x512.npy,npy,0.743455171585083,0.256544828414917,True,256x256x256
GT,../dataset/NPY/Bentheimer\sample_z384_y640_x640.npy,sample_z384_y640_x640.npy,npy,0.7228726744651794,0.27712732553482056,True,256x256x256
GT,../dataset/NPY/Bentheimer\sample_z512_y0_x0.npy,sample_z512_y0_x0.npy,npy,0.7388300895690918,0.2611699104309082,True,256x256x256
GT,../dataset/NPY/Bentheimer\sample_z512_y0_x128.npy,sample_z512_y0_x128.npy,npy,0.7393851280212402,0.26061487197875977,True,256x256x256
GT,../dataset/NPY/Bentheimer\sample_z512_y0_x256.npy,sample_z512_y0_x256.npy,npy,0.7515023350715637,0.24849766492843628,True,256x256x256
GT,../dataset/NPY/Bentheimer\sample_z512_y0_x384.npy,sample_z512_y0_x384.npy,npy,0.7437685132026672,0.25623148679733276,True,256x256x256
GT,../dataset/NPY/Bentheimer\sample_z512_y0_x512.npy,sample_z512_y0_x512.npy,npy,0.6995256543159485,0.3004743456840515,True,256x256x256
GT,../dataset/NPY/Bentheimer\sample_z512_y0_x640.npy,sample_z512_y0_x640.npy,npy,0.6843599081039429,0.31564009189605713,True,256x256x256
GT,../dataset/NPY/Bentheimer\sample_z512_y128_x0.npy,sample_z512_y128_x0.npy,npy,0.7307806611061096,0.2692193388938904,True,256x256x256
GT,../dataset/NPY/Bentheimer\sample_z512_y128_x128.npy,sample_z512_y128_x128.npy,npy,0.7410972118377686,0.25890278816223145,True,256x256x256
GT,../dataset/NPY/Bentheimer\sample_z512_y128_x256.npy,sample_z512_y128_x256.npy,npy,0.7488040924072266,0.25119590759277344,True,256x256x256
GT,../dataset/NPY/Bentheimer\sample_z512_y128_x384.npy,sample_z512_y128_x384.npy,npy,0.7160680294036865,0.2839319705963135,True,256x256x256
GT,../dataset/NPY/Bentheimer\sample_z512_y128_x512.npy,sample_z512_y128_x512.npy,npy,0.7108795046806335,0.28912049531936646,True,256x256x256
GT,../dataset/NPY/Bentheimer\sample_z512_y128_x640.npy,sample_z512_y128_x640.npy,npy,0.7233399748802185,0.2766600251197815,True,256x256x256
GT,../dataset/NPY/Bentheimer\sample_z512_y256_x0.npy,sample_z512_y256_x0.npy,npy,0.7254554629325867,0.27454453706741333,True,256x256x256
GT,../dataset/NPY/Bentheimer\sample_z512_y256_x128.npy,sample_z512_y256_x128.npy,npy,0.7359301447868347,0.2640698552131653,True,256x256x256
GT,../dataset/NPY/Bentheimer\sample_z512_y256_x256.npy,sample_z512_y256_x256.npy,npy,0.7496643662452698,0.2503356337547302,True,256x256x256
GT,../dataset/NPY/Bentheimer\sample_z512_y256_x384.npy,sample_z512_y256_x384.npy,npy,0.7160463333129883,0.2839536666870117,True,256x256x256
GT,../dataset/NPY/Bentheimer\sample_z512_y256_x512.npy,sample_z512_y256_x512.npy,npy,0.7057096362113953,0.29429036378860474,True,256x256x256
GT,../dataset/NPY/Bentheimer\sample_z512_y256_x640.npy,sample_z512_y256_x640.npy,npy,0.7268513441085815,0.27314865589141846,True,256x256x256
GT,../dataset/NPY/Bentheimer\sample_z512_y384_x0.npy,sample_z512_y384_x0.npy,npy,0.7334747910499573,0.2665252089500427,True,256x256x256
GT,../dataset/NPY/Bentheimer\sample_z512_y384_x128.npy,sample_z512_y384_x128.npy,npy,0.7447448372840881,0.25525516271591187,True,256x256x256
GT,../dataset/NPY/Bentheimer\sample_z512_y384_x256.npy,sample_z512_y384_x256.npy,npy,0.7562605142593384,0.24373948574066162,True,256x256x256
GT,../dataset/NPY/Bentheimer\sample_z512_y384_x384.npy,sample_z512_y384_x384.npy,npy,0.7353322505950928,0.2646677494049072,True,256x256x256
GT,../dataset/NPY/Bentheimer\sample_z512_y384_x512.npy,sample_z512_y384_x512.npy,npy,0.7281607389450073,0.2718392610549927,True,256x256x256
GT,../dataset/NPY/Bentheimer\sample_z512_y384_x640.npy,sample_z512_y384_x640.npy,npy,0.7315508723258972,0.2684491276741028,True,256x256x256
GT,../dataset/NPY/Bentheimer\sample_z512_y512_x0.npy,sample_z512_y512_x0.npy,npy,0.7486001253128052,0.2513998746871948,True,256x256x256
GT,../dataset/NPY/Bentheimer\sample_z512_y512_x128.npy,sample_z512_y512_x128.npy,npy,0.7267676591873169,0.2732323408126831,True,256x256x256
GT,../dataset/NPY/Bentheimer\sample_z512_y512_x256.npy,sample_z512_y512_x256.npy,npy,0.7379817962646484,0.26201820373535156,True,256x256x256
GT,../dataset/NPY/Bentheimer\sample_z512_y512_x384.npy,sample_z512_y512_x384.npy,npy,0.7501413822174072,0.24985861778259277,True,256x256x256
GT,../dataset/NPY/Bentheimer\sample_z512_y512_x512.npy,sample_z512_y512_x512.npy,npy,0.7483256459236145,0.2516743540763855,True,256x256x256
GT,../dataset/NPY/Bentheimer\sample_z512_y512_x640.npy,sample_z512_y512_x640.npy,npy,0.7434073090553284,0.25659269094467163,True,256x256x256
GT,../dataset/NPY/Bentheimer\sample_z512_y640_x0.npy,sample_z512_y640_x0.npy,npy,0.7664008140563965,0.23359918594360352,True,256x256x256
GT,../dataset/NPY/Bentheimer\sample_z512_y640_x128.npy,sample_z512_y640_x128.npy,npy,0.7220771312713623,0.2779228687286377,True,256x256x256
GT,../dataset/NPY/Bentheimer\sample_z512_y640_x256.npy,sample_z512_y640_x256.npy,npy,0.7284373044967651,0.27156269550323486,True,256x256x256
GT,../dataset/NPY/Bentheimer\sample_z512_y640_x384.npy,sample_z512_y640_x384.npy,npy,0.749126136302948,0.250873863697052,True,256x256x256
GT,../dataset/NPY/Bentheimer\sample_z512_y640_x512.npy,sample_z512_y640_x512.npy,npy,0.7639058232307434,0.2360941767692566,True,256x256x256
GT,../dataset/NPY/Bentheimer\sample_z512_y640_x640.npy,sample_z512_y640_x640.npy,npy,0.7636892199516296,0.23631078004837036,True,256x256x256
GT,../dataset/NPY/Bentheimer\sample_z640_y0_x0.npy,sample_z640_y0_x0.npy,npy,0.7468275427818298,0.25317245721817017,True,256x256x256
GT,../dataset/NPY/Bentheimer\sample_z640_y0_x128.npy,sample_z640_y0_x128.npy,npy,0.7466963529586792,0.2533036470413208,True,256x256x256
GT,../dataset/NPY/Bentheimer\sample_z640_y0_x256.npy,sample_z640_y0_x256.npy,npy,0.7345786690711975,0.2654213309288025,True,256x256x256
GT,../dataset/NPY/Bentheimer\sample_z640_y0_x384.npy,sample_z640_y0_x384.npy,npy,0.7265480756759644,0.27345192432403564,True,256x256x256
GT,../dataset/NPY/Bentheimer\sample_z640_y0_x512.npy,sample_z640_y0_x512.npy,npy,0.7241615056991577,0.2758384943008423,True,256x256x256
GT,../dataset/NPY/Bentheimer\sample_z640_y0_x640.npy,sample_z640_y0_x640.npy,npy,0.7175962924957275,0.28240370750427246,True,256x256x256
GT,../dataset/NPY/Bentheimer\sample_z640_y128_x0.npy,sample_z640_y128_x0.npy,npy,0.7338259220123291,0.2661740779876709,True,256x256x256
GT,../dataset/NPY/Bentheimer\sample_z640_y128_x128.npy,sample_z640_y128_x128.npy,npy,0.7392053008079529,0.2607946991920471,True,256x256x256
GT,../dataset/NPY/Bentheimer\sample_z640_y128_x256.npy,sample_z640_y128_x256.npy,npy,0.7371929287910461,0.26280707120895386,True,256x256x256
GT,../dataset/NPY/Bentheimer\sample_z640_y128_x384.npy,sample_z640_y128_x384.npy,npy,0.71579909324646,0.28420090675354004,True,256x256x256
GT,../dataset/NPY/Bentheimer\sample_z640_y128_x512.npy,sample_z640_y128_x512.npy,npy,0.7255509495735168,0.27444905042648315,True,256x256x256
GT,../dataset/NPY/Bentheimer\sample_z640_y128_x640.npy,sample_z640_y128_x640.npy,npy,0.7330964207649231,0.2669035792350769,True,256x256x256
GT,../dataset/NPY/Bentheimer\sample_z640_y256_x0.npy,sample_z640_y256_x0.npy,npy,0.7195571064949036,0.28044289350509644,True,256x256x256
GT,../dataset/NPY/Bentheimer\sample_z640_y256_x128.npy,sample_z640_y256_x128.npy,npy,0.7358661890029907,0.2641338109970093,True,256x256x256
GT,../dataset/NPY/Bentheimer\sample_z640_y256_x256.npy,sample_z640_y256_x256.npy,npy,0.7476035952568054,0.2523964047431946,True,256x256x256
GT,../dataset/NPY/Bentheimer\sample_z640_y256_x384.npy,sample_z640_y256_x384.npy,npy,0.7124497294425964,0.28755027055740356,True,256x256x256
GT,../dataset/NPY/Bentheimer\sample_z640_y256_x512.npy,sample_z640_y256_x512.npy,npy,0.702490508556366,0.29750949144363403,True,256x256x256
GT,../dataset/NPY/Bentheimer\sample_z640_y256_x640.npy,sample_z640_y256_x640.npy,npy,0.7218647599220276,0.2781352400779724,True,256x256x256
GT,../dataset/NPY/Bentheimer\sample_z640_y384_x0.npy,sample_z640_y384_x0.npy,npy,0.7023573517799377,0.29764264822006226,True,256x256x256
GT,../dataset/NPY/Bentheimer\sample_z640_y384_x128.npy,sample_z640_y384_x128.npy,npy,0.7377868294715881,0.26221317052841187,True,256x256x256
GT,../dataset/NPY/Bentheimer\sample_z640_y384_x256.npy,sample_z640_y384_x256.npy,npy,0.7732387185096741,0.22676128149032593,True,256x256x256
GT,../dataset/NPY/Bentheimer\sample_z640_y384_x384.npy,sample_z640_y384_x384.npy,npy,0.7575613260269165,0.2424386739730835,True,256x256x256
GT,../dataset/NPY/Bentheimer\sample_z640_y384_x512.npy,sample_z640_y384_x512.npy,npy,0.7351762652397156,0.2648237347602844,True,256x256x256
GT,../dataset/NPY/Bentheimer\sample_z640_y384_x640.npy,sample_z640_y384_x640.npy,npy,0.7282946705818176,0.2717053294181824,True,256x256x256
GT,../dataset/NPY/Bentheimer\sample_z640_y512_x0.npy,sample_z640_y512_x0.npy,npy,0.7210884690284729,0.2789115309715271,True,256x256x256
GT,../dataset/NPY/Bentheimer\sample_z640_y512_x128.npy,sample_z640_y512_x128.npy,npy,0.7202745676040649,0.27972543239593506,True,256x256x256
GT,../dataset/NPY/Bentheimer\sample_z640_y512_x256.npy,sample_z640_y512_x256.npy,npy,0.7543483972549438,0.24565160274505615,True,256x256x256
GT,../dataset/NPY/Bentheimer\sample_z640_y512_x384.npy,sample_z640_y512_x384.npy,npy,0.7668527364730835,0.2331472635269165,True,256x256x256
GT,../dataset/NPY/Bentheimer\sample_z640_y512_x512.npy,sample_z640_y512_x512.npy,npy,0.7377193570137024,0.2622806429862976,True,256x256x256
GT,../dataset/NPY/Bentheimer\sample_z640_y512_x640.npy,sample_z640_y512_x640.npy,npy,0.7376685738563538,0.26233142614364624,True,256x256x256
GT,../dataset/NPY/Bentheimer\sample_z640_y640_x0.npy,sample_z640_y640_x0.npy,npy,0.7410191893577576,0.25898081064224243,True,256x256x256
GT,../dataset/NPY/Bentheimer\sample_z640_y640_x128.npy,sample_z640_y640_x128.npy,npy,0.7172132730484009,0.2827867269515991,True,256x256x256
GT,../dataset/NPY/Bentheimer\sample_z640_y640_x256.npy,sample_z640_y640_x256.npy,npy,0.750278651714325,0.24972134828567505,True,256x256x256
GT,../dataset/NPY/Bentheimer\sample_z640_y640_x384.npy,sample_z640_y640_x384.npy,npy,0.7553681135177612,0.24463188648223877,True,256x256x256
GT,../dataset/NPY/Bentheimer\sample_z640_y640_x512.npy,sample_z640_y640_x512.npy,npy,0.7345139980316162,0.2654860019683838,True,256x256x256
GT,../dataset/NPY/Bentheimer\sample_z640_y640_x640.npy,sample_z640_y640_x640.npy,npy,0.7416127920150757,0.2583872079849243,True,256x256x256
