Group,Sample,Path,FinalPorosityBeforeCleaning,Inverted,Porosity,SpecificSurfaceArea,EulerDensity
GT,sample_z0_y0_x0.npy,../dataset/NPY/Bentheimer\sample_z0_y0_x0.npy,0.25746333599090576,True,0.25722700357437134,0.06175416335463524,-6.079673767089844e-06
GT,sample_z0_y0_x128.npy,../dataset/NPY/Bentheimer\sample_z0_y0_x128.npy,0.2407470941543579,True,0.24052298069000244,0.06208625063300133,-9.894371032714844e-06
GT,sample_z0_y0_x256.npy,../dataset/NPY/Bentheimer\sample_z0_y0_x256.npy,0.281460702419281,True,0.2812280058860779,0.06563437730073929,-8.821487426757812e-06
GT,sample_z0_y0_x384.npy,../dataset/NPY/Bentheimer\sample_z0_y0_x384.npy,0.2928106188774109,True,0.2925528287887573,0.0673362985253334,-2.86102294921875e-06
GT,sample_z0_y0_x512.npy,../dataset/NPY/Bentheimer\sample_z0_y0_x512.npy,0.29305022954940796,True,0.2928099036216736,0.0650344118475914,-3.2782554626464844e-06
GT,sample_z0_y0_x640.npy,../dataset/NPY/Bentheimer\sample_z0_y0_x640.npy,0.2911543846130371,True,0.2908831834793091,0.06758172810077667,-7.3909759521484375e-06
GT,sample_z0_y128_x0.npy,../dataset/NPY/Bentheimer\sample_z0_y128_x0.npy,0.2520518898963928,True,0.2518274188041687,0.06294330209493637,-6.079673767089844e-06
GT,sample_z0_y128_x128.npy,../dataset/NPY/Bentheimer\sample_z0_y128_x128.npy,0.2755895256996155,True,0.2753891348838806,0.06452122330665588,-8.404254913330078e-06
GT,sample_z0_y128_x256.npy,../dataset/NPY/Bentheimer\sample_z0_y128_x256.npy,0.27295297384262085,True,0.2727091908454895,0.06393508613109589,-5.602836608886719e-06
GT,sample_z0_y128_x384.npy,../dataset/NPY/Bentheimer\sample_z0_y128_x384.npy,0.25990915298461914,True,0.2596307396888733,0.0632062703371048,-1.6689300537109375e-06
GT,sample_z0_y128_x512.npy,../dataset/NPY/Bentheimer\sample_z0_y128_x512.npy,0.27552467584609985,True,0.27527815103530884,0.06546235084533691,-5.9604644775390625e-06
GT,sample_z0_y128_x640.npy,../dataset/NPY/Bentheimer\sample_z0_y128_x640.npy,0.2668572664260864,True,0.2665831446647644,0.06554844230413437,-8.881092071533203e-06
GT,sample_z0_y256_x0.npy,../dataset/NPY/Bentheimer\sample_z0_y256_x0.npy,0.27087199687957764,True,0.27063482999801636,0.06341450661420822,-4.172325134277344e-06
GT,sample_z0_y256_x128.npy,../dataset/NPY/Bentheimer\sample_z0_y256_x128.npy,0.30932480096817017,True,0.3091299533843994,0.0625397190451622,1.2516975402832031e-06
GT,sample_z0_y256_x256.npy,../dataset/NPY/Bentheimer\sample_z0_y256_x256.npy,0.28625088930130005,True,0.28601521253585815,0.06177530437707901,1.0728836059570312e-06
GT,sample_z0_y256_x384.npy,../dataset/NPY/Bentheimer\sample_z0_y256_x384.npy,0.2620617747306824,True,0.2617843747138977,0.06055454909801483,-2.980232238769531e-07
GT,sample_z0_y256_x512.npy,../dataset/NPY/Bentheimer\sample_z0_y256_x512.npy,0.2713284492492676,True,0.27108508348464966,0.06327944248914719,-5.0067901611328125e-06
GT,sample_z0_y256_x640.npy,../dataset/NPY/Bentheimer\sample_z0_y256_x640.npy,0.26099008321762085,True,0.26072126626968384,0.06625225394964218,-8.165836334228516e-06
GT,sample_z0_y384_x0.npy,../dataset/NPY/Bentheimer\sample_z0_y384_x0.npy,0.25279390811920166,True,0.252547025680542,0.06373285502195358,-3.2186508178710938e-06
GT,sample_z0_y384_x128.npy,../dataset/NPY/Bentheimer\sample_z0_y384_x128.npy,0.24240565299987793,True,0.2421758770942688,0.05895087495446205,-1.5497207641601562e-06
GT,sample_z0_y384_x256.npy,../dataset/NPY/Bentheimer\sample_z0_y384_x256.npy,0.25693559646606445,True,0.2566908597946167,0.060635823756456375,-2.3245811462402344e-06
GT,sample_z0_y384_x384.npy,../dataset/NPY/Bentheimer\sample_z0_y384_x384.npy,0.27633631229400635,True,0.2760797142982483,0.061836857348680496,-3.516674041748047e-06
GT,sample_z0_y384_x512.npy,../dataset/NPY/Bentheimer\sample_z0_y384_x512.npy,0.28086715936660767,True,0.28061389923095703,0.06218481436371803,-3.874301910400391e-06
GT,sample_z0_y384_x640.npy,../dataset/NPY/Bentheimer\sample_z0_y384_x640.npy,0.2596360445022583,True,0.25934475660324097,0.0627635195851326,-3.2782554626464844e-06
GT,sample_z0_y512_x0.npy,../dataset/NPY/Bentheimer\sample_z0_y512_x0.npy,0.2375507354736328,True,0.23732894659042358,0.061216793954372406,-5.424022674560547e-06
GT,sample_z0_y512_x128.npy,../dataset/NPY/Bentheimer\sample_z0_y512_x128.npy,0.2052735686302185,True,0.2050548791885376,0.058744773268699646,-9.5367431640625e-06
GT,sample_z0_y512_x256.npy,../dataset/NPY/Bentheimer\sample_z0_y512_x256.npy,0.24410265684127808,True,0.24386829137802124,0.058960653841495514,-6.735324859619141e-06
GT,sample_z0_y512_x384.npy,../dataset/NPY/Bentheimer\sample_z0_y512_x384.npy,0.2737315893173218,True,0.2735123038291931,0.061943136155605316,-4.112720489501953e-06
GT,sample_z0_y512_x512.npy,../dataset/NPY/Bentheimer\sample_z0_y512_x512.npy,0.27932631969451904,True,0.2790732979774475,0.063874751329422,-1.3113021850585938e-06
GT,sample_z0_y512_x640.npy,../dataset/NPY/Bentheimer\sample_z0_y512_x640.npy,0.2561379075050354,True,0.2558138370513916,0.06288351118564606,2.1457672119140625e-06
GT,sample_z0_y640_x0.npy,../dataset/NPY/Bentheimer\sample_z0_y640_x0.npy,0.250813364982605,True,0.25059300661087036,0.0612499974668026,-7.68899917602539e-06
GT,sample_z0_y640_x128.npy,../dataset/NPY/Bentheimer\sample_z0_y640_x128.npy,0.236261785030365,True,0.23604649305343628,0.06072013080120087,-9.417533874511719e-06
GT,sample_z0_y640_x256.npy,../dataset/NPY/Bentheimer\sample_z0_y640_x256.npy,0.25701630115509033,True,0.2567884922027588,0.05932130664587021,-5.602836608886719e-06
GT,sample_z0_y640_x384.npy,../dataset/NPY/Bentheimer\sample_z0_y640_x384.npy,0.2673298716545105,True,0.2670823931694031,0.061903782188892365,-2.1457672119140625e-06
GT,sample_z0_y640_x512.npy,../dataset/NPY/Bentheimer\sample_z0_y640_x512.npy,0.26262038946151733,True,0.2623226046562195,0.06515094637870789,-1.4901161193847656e-06
GT,sample_z0_y640_x640.npy,../dataset/NPY/Bentheimer\sample_z0_y640_x640.npy,0.25982093811035156,True,0.2594752311706543,0.06797799468040466,1.7881393432617188e-06
GT,sample_z128_y0_x0.npy,../dataset/NPY/Bentheimer\sample_z128_y0_x0.npy,0.26255476474761963,True,0.26233434677124023,0.06434887647628784,-7.987022399902344e-06
GT,sample_z128_y0_x128.npy,../dataset/NPY/Bentheimer\sample_z128_y0_x128.npy,0.2566080689430237,True,0.2563871741294861,0.0638258084654808,-6.377696990966797e-06
GT,sample_z128_y0_x256.npy,../dataset/NPY/Bentheimer\sample_z128_y0_x256.npy,0.26603972911834717,True,0.2658146023750305,0.06255973875522614,-5.185604095458984e-06
GT,sample_z128_y0_x384.npy,../dataset/NPY/Bentheimer\sample_z128_y0_x384.npy,0.2996317148208618,True,0.299376904964447,0.06254051625728607,-3.0994415283203125e-06
GT,sample_z128_y0_x512.npy,../dataset/NPY/Bentheimer\sample_z128_y0_x512.npy,0.32645267248153687,True,0.3262239694595337,0.06679948419332504,-6.794929504394531e-06
GT,sample_z128_y0_x640.npy,../dataset/NPY/Bentheimer\sample_z128_y0_x640.npy,0.30547869205474854,True,0.30524152517318726,0.07108277827501297,-1.0669231414794922e-05
GT,sample_z128_y128_x0.npy,../dataset/NPY/Bentheimer\sample_z128_y128_x0.npy,0.2581655979156494,True,0.2579501271247864,0.06621965020895004,-1.0669231414794922e-05
GT,sample_z128_y128_x128.npy,../dataset/NPY/Bentheimer\sample_z128_y128_x128.npy,0.2780672311782837,True,0.2778536081314087,0.06874877214431763,-9.417533874511719e-06
GT,sample_z128_y128_x256.npy,../dataset/NPY/Bentheimer\sample_z128_y128_x256.npy,0.2719777226448059,True,0.27172744274139404,0.06445566564798355,-3.4570693969726562e-06
GT,sample_z128_y128_x384.npy,../dataset/NPY/Bentheimer\sample_z128_y128_x384.npy,0.2633410096168518,True,0.2630656361579895,0.0612049363553524,-1.7285346984863281e-06
GT,sample_z128_y128_x512.npy,../dataset/NPY/Bentheimer\sample_z128_y128_x512.npy,0.3019593358039856,True,0.30170929431915283,0.06655305624008179,-7.152557373046875e-06
GT,sample_z128_y128_x640.npy,../dataset/NPY/Bentheimer\sample_z128_y128_x640.npy,0.27483463287353516,True,0.2745537757873535,0.0679943859577179,-8.881092071533203e-06
GT,sample_z128_y256_x0.npy,../dataset/NPY/Bentheimer\sample_z128_y256_x0.npy,0.26492398977279663,True,0.26470524072647095,0.06360174715518951,-7.867813110351562e-06
GT,sample_z128_y256_x128.npy,../dataset/NPY/Bentheimer\sample_z128_y256_x128.npy,0.29373472929000854,True,0.29354149103164673,0.06676159054040909,-5.4836273193359375e-06
GT,sample_z128_y256_x256.npy,../dataset/NPY/Bentheimer\sample_z128_y256_x256.npy,0.2724226117134094,True,0.2721893787384033,0.06369244307279587,-1.430511474609375e-06
GT,sample_z128_y256_x384.npy,../dataset/NPY/Bentheimer\sample_z128_y256_x384.npy,0.24631202220916748,True,0.24605119228363037,0.059715621173381805,5.364418029785156e-07
GT,sample_z128_y256_x512.npy,../dataset/NPY/Bentheimer\sample_z128_y256_x512.npy,0.2701070308685303,True,0.2698296308517456,0.06325934082269669,-3.814697265625e-06
GT,sample_z128_y256_x640.npy,../dataset/NPY/Bentheimer\sample_z128_y256_x640.npy,0.254838764667511,True,0.2545250654220581,0.0655750259757042,-5.0067901611328125e-06
GT,sample_z128_y384_x0.npy,../dataset/NPY/Bentheimer\sample_z128_y384_x0.npy,0.23442751169204712,True,0.23418956995010376,0.06245091184973717,-7.3909759521484375e-06
GT,sample_z128_y384_x128.npy,../dataset/NPY/Bentheimer\sample_z128_y384_x128.npy,0.23972582817077637,True,0.23950904607772827,0.062241602689027786,-5.185604095458984e-06
GT,sample_z128_y384_x256.npy,../dataset/NPY/Bentheimer\sample_z128_y384_x256.npy,0.2421697974205017,True,0.24193072319030762,0.06081376597285271,-3.159046173095703e-06
GT,sample_z128_y384_x384.npy,../dataset/NPY/Bentheimer\sample_z128_y384_x384.npy,0.2606767416000366,True,0.26043838262557983,0.06109504774212837,-4.172325134277344e-06
GT,sample_z128_y384_x512.npy,../dataset/NPY/Bentheimer\sample_z128_y384_x512.npy,0.2660152316093445,True,0.2657474875450134,0.06378571689128876,-5.364418029785156e-06
GT,sample_z128_y384_x640.npy,../dataset/NPY/Bentheimer\sample_z128_y384_x640.npy,0.26401108503341675,True,0.26370686292648315,0.06431865692138672,-2.86102294921875e-06
GT,sample_z128_y512_x0.npy,../dataset/NPY/Bentheimer\sample_z128_y512_x0.npy,0.23770105838775635,True,0.2374744415283203,0.061310023069381714,-6.139278411865234e-06
GT,sample_z128_y512_x128.npy,../dataset/NPY/Bentheimer\sample_z128_y512_x128.npy,0.21224933862686157,True,0.21202844381332397,0.06305238604545593,-1.0311603546142578e-05
GT,sample_z128_y512_x256.npy,../dataset/NPY/Bentheimer\sample_z128_y512_x256.npy,0.24818819761276245,True,0.2479703426361084,0.06213529407978058,-7.927417755126953e-06
GT,sample_z128_y512_x384.npy,../dataset/NPY/Bentheimer\sample_z128_y512_x384.npy,0.27952027320861816,True,0.27930814027786255,0.060224998742341995,-6.139278411865234e-06
GT,sample_z128_y512_x512.npy,../dataset/NPY/Bentheimer\sample_z128_y512_x512.npy,0.26356393098831177,True,0.2633235454559326,0.06423971056938171,-4.0531158447265625e-06
GT,sample_z128_y512_x640.npy,../dataset/NPY/Bentheimer\sample_z128_y512_x640.npy,0.2574297785758972,True,0.2571062445640564,0.06359364092350006,1.3113021850585938e-06
GT,sample_z128_y640_x0.npy,../dataset/NPY/Bentheimer\sample_z128_y640_x0.npy,0.2554537057876587,True,0.25524622201919556,0.059647511690855026,-5.900859832763672e-06
GT,sample_z128_y640_x128.npy,../dataset/NPY/Bentheimer\sample_z128_y640_x128.npy,0.2421787977218628,True,0.24197924137115479,0.06286285072565079,-1.0967254638671875e-05
GT,sample_z128_y640_x256.npy,../dataset/NPY/Bentheimer\sample_z128_y640_x256.npy,0.2724931240081787,True,0.27229219675064087,0.061561357229948044,-7.3909759521484375e-06
GT,sample_z128_y640_x384.npy,../dataset/NPY/Bentheimer\sample_z128_y640_x384.npy,0.28656792640686035,True,0.28632479906082153,0.06033971160650253,-3.039836883544922e-06
GT,sample_z128_y640_x512.npy,../dataset/NPY/Bentheimer\sample_z128_y640_x512.npy,0.2722223401069641,True,0.2719360589981079,0.06398425251245499,-1.9073486328125e-06
GT,sample_z128_y640_x640.npy,../dataset/NPY/Bentheimer\sample_z128_y640_x640.npy,0.2530255913734436,True,0.2526930570602417,0.06483589112758636,2.1457672119140625e-06
GT,sample_z256_y0_x0.npy,../dataset/NPY/Bentheimer\sample_z256_y0_x0.npy,0.28303104639053345,True,0.2828395962715149,0.06464830040931702,-1.1742115020751953e-05
GT,sample_z256_y0_x128.npy,../dataset/NPY/Bentheimer\sample_z256_y0_x128.npy,0.27035290002822876,True,0.27014654874801636,0.06437312811613083,-7.212162017822266e-06
GT,sample_z256_y0_x256.npy,../dataset/NPY/Bentheimer\sample_z256_y0_x256.npy,0.2746034264564514,True,0.2743905186653137,0.0610467903316021,-3.0994415283203125e-06
GT,sample_z256_y0_x384.npy,../dataset/NPY/Bentheimer\sample_z256_y0_x384.npy,0.3002033233642578,True,0.29996412992477417,0.06323064118623734,-6.735324859619141e-06
GT,sample_z256_y0_x512.npy,../dataset/NPY/Bentheimer\sample_z256_y0_x512.npy,0.2925492525100708,True,0.29230839014053345,0.06873265653848648,-9.47713851928711e-06
GT,sample_z256_y0_x640.npy,../dataset/NPY/Bentheimer\sample_z256_y0_x640.npy,0.26350927352905273,True,0.26325756311416626,0.07146334648132324,-7.68899917602539e-06
GT,sample_z256_y128_x0.npy,../dataset/NPY/Bentheimer\sample_z256_y128_x0.npy,0.2723059058189392,True,0.27211523056030273,0.06513145565986633,-1.1980533599853516e-05
GT,sample_z256_y128_x128.npy,../dataset/NPY/Bentheimer\sample_z256_y128_x128.npy,0.27658212184906006,True,0.27636176347732544,0.06708592176437378,-1.0251998901367188e-05
GT,sample_z256_y128_x256.npy,../dataset/NPY/Bentheimer\sample_z256_y128_x256.npy,0.2704911231994629,True,0.27024757862091064,0.0632278323173523,-4.76837158203125e-06
GT,sample_z256_y128_x384.npy,../dataset/NPY/Bentheimer\sample_z256_y128_x384.npy,0.2736127972602844,True,0.2733613848686218,0.06383395940065384,-4.112720489501953e-06
GT,sample_z256_y128_x512.npy,../dataset/NPY/Bentheimer\sample_z256_y128_x512.npy,0.2922118902206421,True,0.2919656038284302,0.07116188853979111,-1.0311603546142578e-05
GT,sample_z256_y128_x640.npy,../dataset/NPY/Bentheimer\sample_z256_y128_x640.npy,0.2775534987449646,True,0.2772892117500305,0.07221627235412598,-8.106231689453125e-06
GT,sample_z256_y256_x0.npy,../dataset/NPY/Bentheimer\sample_z256_y256_x0.npy,0.25835758447647095,True,0.2581597566604614,0.06173384562134743,-6.020069122314453e-06
GT,sample_z256_y256_x128.npy,../dataset/NPY/Bentheimer\sample_z256_y256_x128.npy,0.25657689571380615,True,0.2563638687133789,0.06539437174797058,-7.748603820800781e-06
GT,sample_z256_y256_x256.npy,../dataset/NPY/Bentheimer\sample_z256_y256_x256.npy,0.24985253810882568,True,0.24959325790405273,0.06398005038499832,-4.887580871582031e-06
GT,sample_z256_y256_x384.npy,../dataset/NPY/Bentheimer\sample_z256_y256_x384.npy,0.2591157555580139,True,0.2588416337966919,0.061119887977838516,2.384185791015625e-07
GT,sample_z256_y256_x512.npy,../dataset/NPY/Bentheimer\sample_z256_y256_x512.npy,0.28426724672317505,True,0.28397852182388306,0.06678521633148193,-6.377696990966797e-06
GT,sample_z256_y256_x640.npy,../dataset/NPY/Bentheimer\sample_z256_y256_x640.npy,0.2795482277870178,True,0.27925366163253784,0.06940920650959015,-8.225440979003906e-06
GT,sample_z256_y384_x0.npy,../dataset/NPY/Bentheimer\sample_z256_y384_x0.npy,0.23643797636032104,True,0.23623675107955933,0.05967370793223381,-6.854534149169922e-06
GT,sample_z256_y384_x128.npy,../dataset/NPY/Bentheimer\sample_z256_y384_x128.npy,0.23745512962341309,True,0.23726266622543335,0.0615387037396431,-5.245208740234375e-06
GT,sample_z256_y384_x256.npy,../dataset/NPY/Bentheimer\sample_z256_y384_x256.npy,0.24596506357192993,True,0.24572747945785522,0.06182447448372841,-3.2186508178710938e-06
GT,sample_z256_y384_x384.npy,../dataset/NPY/Bentheimer\sample_z256_y384_x384.npy,0.24761348962783813,True,0.24736005067825317,0.0605333112180233,-2.4437904357910156e-06
GT,sample_z256_y384_x512.npy,../dataset/NPY/Bentheimer\sample_z256_y384_x512.npy,0.250824511051178,True,0.2505670189857483,0.06271430104970932,-3.814697265625e-06
GT,sample_z256_y384_x640.npy,../dataset/NPY/Bentheimer\sample_z256_y384_x640.npy,0.27239710092544556,True,0.27211976051330566,0.06293284893035889,-3.3974647521972656e-06
GT,sample_z256_y512_x0.npy,../dataset/NPY/Bentheimer\sample_z256_y512_x0.npy,0.25366121530532837,True,0.25344693660736084,0.06128935515880585,-8.761882781982422e-06
GT,sample_z256_y512_x128.npy,../dataset/NPY/Bentheimer\sample_z256_y512_x128.npy,0.2513912320137024,True,0.2511976957321167,0.0652833953499794,-9.834766387939453e-06
GT,sample_z256_y512_x256.npy,../dataset/NPY/Bentheimer\sample_z256_y512_x256.npy,0.266529381275177,True,0.26632434129714966,0.06385314464569092,-6.198883056640625e-06
GT,sample_z256_y512_x384.npy,../dataset/NPY/Bentheimer\sample_z256_y512_x384.npy,0.2743263244628906,True,0.2740936279296875,0.05977122113108635,-3.635883331298828e-06
GT,sample_z256_y512_x512.npy,../dataset/NPY/Bentheimer\sample_z256_y512_x512.npy,0.25963670015335083,True,0.25940001010894775,0.05944466218352318,-5.960464477539062e-07
GT,sample_z256_y512_x640.npy,../dataset/NPY/Bentheimer\sample_z256_y512_x640.npy,0.2980046272277832,True,0.2977216839790344,0.059055618941783905,1.7881393432617188e-07
GT,sample_z256_y640_x0.npy,../dataset/NPY/Bentheimer\sample_z256_y640_x0.npy,0.2601481080055237,True,0.2599429488182068,0.058822207152843475,-7.3909759521484375e-06
GT,sample_z256_y640_x128.npy,../dataset/NPY/Bentheimer\sample_z256_y640_x128.npy,0.25872308015823364,True,0.2585291862487793,0.0635073184967041,-1.138448715209961e-05
GT,sample_z256_y640_x256.npy,../dataset/NPY/Bentheimer\sample_z256_y640_x256.npy,0.25966334342956543,True,0.2594738006591797,0.061211928725242615,-6.9141387939453125e-06
GT,sample_z256_y640_x384.npy,../dataset/NPY/Bentheimer\sample_z256_y640_x384.npy,0.2954946756362915,True,0.2952505946159363,0.0600542314350605,-3.2782554626464844e-06
GT,sample_z256_y640_x512.npy,../dataset/NPY/Bentheimer\sample_z256_y640_x512.npy,0.2974552512168884,True,0.2971988320350647,0.06178143247961998,-2.682209014892578e-06
GT,sample_z256_y640_x640.npy,../dataset/NPY/Bentheimer\sample_z256_y640_x640.npy,0.29754841327667236,True,0.2972702383995056,0.061608344316482544,-2.384185791015625e-06
GT,sample_z384_y0_x0.npy,../dataset/NPY/Bentheimer\sample_z384_y0_x0.npy,0.29032182693481445,True,0.29014086723327637,0.06249227374792099,-8.52346420288086e-06
GT,sample_z384_y0_x128.npy,../dataset/NPY/Bentheimer\sample_z384_y0_x128.npy,0.2673841118812561,True,0.26717323064804077,0.06459257751703262,-7.987022399902344e-06
GT,sample_z384_y0_x256.npy,../dataset/NPY/Bentheimer\sample_z384_y0_x256.npy,0.24795305728912354,True,0.2477269172668457,0.06206221133470535,-4.827976226806641e-06
GT,sample_z384_y0_x384.npy,../dataset/NPY/Bentheimer\sample_z384_y0_x384.npy,0.2593940496444702,True,0.25916028022766113,0.0664994865655899,-1.2516975402832031e-05
GT,sample_z384_y0_x512.npy,../dataset/NPY/Bentheimer\sample_z384_y0_x512.npy,0.28852415084838867,True,0.28827738761901855,0.06889226287603378,-1.2874603271484375e-05
GT,sample_z384_y0_x640.npy,../dataset/NPY/Bentheimer\sample_z384_y0_x640.npy,0.2885352373123169,True,0.2882775664329529,0.06588761508464813,-3.2782554626464844e-06
GT,sample_z384_y128_x0.npy,../dataset/NPY/Bentheimer\sample_z384_y128_x0.npy,0.2862105965614319,True,0.2860451936721802,0.06286610662937164,-8.404254913330078e-06
GT,sample_z384_y128_x128.npy,../dataset/NPY/Bentheimer\sample_z384_y128_x128.npy,0.27280187606811523,True,0.2725934386253357,0.06458619236946106,-8.821487426757812e-06
GT,sample_z384_y128_x256.npy,../dataset/NPY/Bentheimer\sample_z384_y128_x256.npy,0.24573767185211182,True,0.24549651145935059,0.06384988874197006,-9.059906005859375e-06
GT,sample_z384_y128_x384.npy,../dataset/NPY/Bentheimer\sample_z384_y128_x384.npy,0.2801164984703064,True,0.27988845109939575,0.06635627895593643,-8.165836334228516e-06
GT,sample_z384_y128_x512.npy,../dataset/NPY/Bentheimer\sample_z384_y128_x512.npy,0.29715216159820557,True,0.29691535234451294,0.06934555619955063,-8.225440979003906e-06
GT,sample_z384_y128_x640.npy,../dataset/NPY/Bentheimer\sample_z384_y128_x640.npy,0.28244417905807495,True,0.28216779232025146,0.06785789877176285,-3.337860107421875e-06
GT,sample_z384_y256_x0.npy,../dataset/NPY/Bentheimer\sample_z384_y256_x0.npy,0.2610025405883789,True,0.26082348823547363,0.06236148625612259,-8.761882781982422e-06
GT,sample_z384_y256_x128.npy,../dataset/NPY/Bentheimer\sample_z384_y256_x128.npy,0.2560833692550659,True,0.25587785243988037,0.0645383968949318,-1.0728836059570312e-05
GT,sample_z384_y256_x256.npy,../dataset/NPY/Bentheimer\sample_z384_y256_x256.npy,0.25425320863723755,True,0.25399452447891235,0.06594336777925491,-9.894371032714844e-06
GT,sample_z384_y256_x384.npy,../dataset/NPY/Bentheimer\sample_z384_y256_x384.npy,0.2836838364601135,True,0.2834165692329407,0.06354386359453201,-3.814697265625e-06
GT,sample_z384_y256_x512.npy,../dataset/NPY/Bentheimer\sample_z384_y256_x512.npy,0.2962818145751953,True,0.29601728916168213,0.06405386328697205,-4.589557647705078e-06
GT,sample_z384_y256_x640.npy,../dataset/NPY/Bentheimer\sample_z384_y256_x640.npy,0.2872103452682495,True,0.28692930936813354,0.06522955745458603,-4.5299530029296875e-06
GT,sample_z384_y384_x0.npy,../dataset/NPY/Bentheimer\sample_z384_y384_x0.npy,0.24929243326187134,True,0.24911260604858398,0.06163408234715462,-6.794929504394531e-06
GT,sample_z384_y384_x128.npy,../dataset/NPY/Bentheimer\sample_z384_y384_x128.npy,0.24238407611846924,True,0.24218976497650146,0.061586443334817886,-8.106231689453125e-06
GT,sample_z384_y384_x256.npy,../dataset/NPY/Bentheimer\sample_z384_y384_x256.npy,0.26018035411834717,True,0.25994640588760376,0.06151912733912468,-4.887580871582031e-06
GT,sample_z384_y384_x384.npy,../dataset/NPY/Bentheimer\sample_z384_y384_x384.npy,0.2674703001976013,True,0.2672266364097595,0.06210078299045563,-3.2186508178710938e-06
GT,sample_z384_y384_x512.npy,../dataset/NPY/Bentheimer\sample_z384_y384_x512.npy,0.26449358463287354,True,0.26425254344940186,0.06068277731537819,-2.0265579223632812e-06
GT,sample_z384_y384_x640.npy,../dataset/NPY/Bentheimer\sample_z384_y384_x640.npy,0.2677600383758545,True,0.26749950647354126,0.05776085704565048,5.960464477539063e-08
GT,sample_z384_y512_x0.npy,../dataset/NPY/Bentheimer\sample_z384_y512_x0.npy,0.24848097562789917,True,0.24829542636871338,0.060624003410339355,-7.987022399902344e-06
GT,sample_z384_y512_x128.npy,../dataset/NPY/Bentheimer\sample_z384_y512_x128.npy,0.25631481409072876,True,0.25612133741378784,0.06382487714290619,-9.834766387939453e-06
GT,sample_z384_y512_x256.npy,../dataset/NPY/Bentheimer\sample_z384_y512_x256.npy,0.2667759656906128,True,0.2665618062019348,0.06284354627132416,-5.9604644775390625e-06
GT,sample_z384_y512_x384.npy,../dataset/NPY/Bentheimer\sample_z384_y512_x384.npy,0.27812904119491577,True,0.2778966426849365,0.06328202039003372,-3.874301910400391e-06
GT,sample_z384_y512_x512.npy,../dataset/NPY/Bentheimer\sample_z384_y512_x512.npy,0.2686038017272949,True,0.2683557868003845,0.06040072441101074,-8.344650268554688e-07
GT,sample_z384_y512_x640.npy,../dataset/NPY/Bentheimer\sample_z384_y512_x640.npy,0.28581446409225464,True,0.28555089235305786,0.059259433299303055,-1.3709068298339844e-06
GT,sample_z384_y640_x0.npy,../dataset/NPY/Bentheimer\sample_z384_y640_x0.npy,0.23575174808502197,True,0.23554039001464844,0.05732615664601326,-7.808208465576172e-06
GT,sample_z384_y640_x128.npy,../dataset/NPY/Bentheimer\sample_z384_y640_x128.npy,0.2598968744277954,True,0.25969016551971436,0.06295309215784073,-1.1146068572998047e-05
GT,sample_z384_y640_x256.npy,../dataset/NPY/Bentheimer\sample_z384_y640_x256.npy,0.25788402557373047,True,0.25768333673477173,0.06335627287626266,-8.165836334228516e-06
GT,sample_z384_y640_x384.npy,../dataset/NPY/Bentheimer\sample_z384_y640_x384.npy,0.26869332790374756,True,0.2684571146965027,0.06300625205039978,-5.364418029785156e-06
GT,sample_z384_y640_x512.npy,../dataset/NPY/Bentheimer\sample_z384_y640_x512.npy,0.256544828414917,True,0.2562643885612488,0.06270185858011246,-7.092952728271484e-06
GT,sample_z384_y640_x640.npy,../dataset/NPY/Bentheimer\sample_z384_y640_x640.npy,0.27712732553482056,True,0.2768637537956238,0.06352407485246658,-7.212162017822266e-06
GT,sample_z512_y0_x0.npy,../dataset/NPY/Bentheimer\sample_z512_y0_x0.npy,0.2611699104309082,True,0.2609750032424927,0.061181288212537766,-6.139278411865234e-06
GT,sample_z512_y0_x128.npy,../dataset/NPY/Bentheimer\sample_z512_y0_x128.npy,0.26061487197875977,True,0.2603973150253296,0.06510233879089355,-8.463859558105469e-06
GT,sample_z512_y0_x256.npy,../dataset/NPY/Bentheimer\sample_z512_y0_x256.npy,0.24849766492843628,True,0.24825257062911987,0.06480160355567932,-8.285045623779297e-06
GT,sample_z512_y0_x384.npy,../dataset/NPY/Bentheimer\sample_z512_y0_x384.npy,0.25623148679733276,True,0.25597989559173584,0.06670638173818588,-1.1801719665527344e-05
GT,sample_z512_y0_x512.npy,../dataset/NPY/Bentheimer\sample_z512_y0_x512.npy,0.3004743456840515,True,0.3002287745475769,0.06856074929237366,-1.2993812561035156e-05
GT,sample_z512_y0_x640.npy,../dataset/NPY/Bentheimer\sample_z512_y0_x640.npy,0.31564009189605713,True,0.31539392471313477,0.06260010600090027,-4.112720489501953e-06
GT,sample_z512_y128_x0.npy,../dataset/NPY/Bentheimer\sample_z512_y128_x0.npy,0.2692193388938904,True,0.2690376043319702,0.06110486388206482,-5.9604644775390625e-06
GT,sample_z512_y128_x128.npy,../dataset/NPY/Bentheimer\sample_z512_y128_x128.npy,0.25890278816223145,True,0.2587013840675354,0.06422767043113708,-9.357929229736328e-06
GT,sample_z512_y128_x256.npy,../dataset/NPY/Bentheimer\sample_z512_y128_x256.npy,0.25119590759277344,True,0.25095564126968384,0.06636586040258408,-1.2755393981933594e-05
GT,sample_z512_y128_x384.npy,../dataset/NPY/Bentheimer\sample_z512_y128_x384.npy,0.2839319705963135,True,0.2837064266204834,0.06603248417377472,-8.702278137207031e-06
GT,sample_z512_y128_x512.npy,../dataset/NPY/Bentheimer\sample_z512_y128_x512.npy,0.28912049531936646,True,0.2888789772987366,0.06707432121038437,-6.735324859619141e-06
GT,sample_z512_y128_x640.npy,../dataset/NPY/Bentheimer\sample_z512_y128_x640.npy,0.2766600251197815,True,0.2763864994049072,0.06347186118364334,-3.2186508178710938e-06
GT,sample_z512_y256_x0.npy,../dataset/NPY/Bentheimer\sample_z512_y256_x0.npy,0.27454453706741333,True,0.27437126636505127,0.06322487443685532,-1.0669231414794922e-05
GT,sample_z512_y256_x128.npy,../dataset/NPY/Bentheimer\sample_z512_y256_x128.npy,0.2640698552131653,True,0.26386499404907227,0.0654432624578476,-1.1563301086425781e-05
GT,sample_z512_y256_x256.npy,../dataset/NPY/Bentheimer\sample_z512_y256_x256.npy,0.2503356337547302,True,0.2500951290130615,0.06637265533208847,-1.0788440704345703e-05
GT,sample_z512_y256_x384.npy,../dataset/NPY/Bentheimer\sample_z512_y256_x384.npy,0.2839536666870117,True,0.28374457359313965,0.06313066184520721,-5.4836273193359375e-06
GT,sample_z512_y256_x512.npy,../dataset/NPY/Bentheimer\sample_z512_y256_x512.npy,0.29429036378860474,True,0.29407012462615967,0.061964958906173706,-2.8014183044433594e-06
GT,sample_z512_y256_x640.npy,../dataset/NPY/Bentheimer\sample_z512_y256_x640.npy,0.27314865589141846,True,0.27289170026779175,0.06227703019976616,-1.3709068298339844e-06
GT,sample_z512_y384_x0.npy,../dataset/NPY/Bentheimer\sample_z512_y384_x0.npy,0.2665252089500427,True,0.2663414478302002,0.06337039172649384,-8.165836334228516e-06
GT,sample_z512_y384_x128.npy,../dataset/NPY/Bentheimer\sample_z512_y384_x128.npy,0.25525516271591187,True,0.25505220890045166,0.06326749175786972,-8.702278137207031e-06
GT,sample_z512_y384_x256.npy,../dataset/NPY/Bentheimer\sample_z512_y384_x256.npy,0.24373948574066162,True,0.24350875616073608,0.061920586973428726,-5.7220458984375e-06
GT,sample_z512_y384_x384.npy,../dataset/NPY/Bentheimer\sample_z512_y384_x384.npy,0.2646677494049072,True,0.26443564891815186,0.06262849271297455,-4.410743713378906e-06
GT,sample_z512_y384_x512.npy,../dataset/NPY/Bentheimer\sample_z512_y384_x512.npy,0.2718392610549927,True,0.27160805463790894,0.061218827962875366,-3.3974647521972656e-06
GT,sample_z512_y384_x640.npy,../dataset/NPY/Bentheimer\sample_z512_y384_x640.npy,0.2684491276741028,True,0.268205463886261,0.05943217873573303,-1.0728836059570312e-06
GT,sample_z512_y512_x0.npy,../dataset/NPY/Bentheimer\sample_z512_y512_x0.npy,0.2513998746871948,True,0.2512166500091553,0.060462720692157745,-6.735324859619141e-06
GT,sample_z512_y512_x128.npy,../dataset/NPY/Bentheimer\sample_z512_y512_x128.npy,0.2732323408126831,True,0.2730323076248169,0.06298722326755524,-8.165836334228516e-06
GT,sample_z512_y512_x256.npy,../dataset/NPY/Bentheimer\sample_z512_y512_x256.npy,0.26201820373535156,True,0.26179081201553345,0.06403078883886337,-7.987022399902344e-06
GT,sample_z512_y512_x384.npy,../dataset/NPY/Bentheimer\sample_z512_y512_x384.npy,0.24985861778259277,True,0.24961137771606445,0.06394070386886597,-6.079673767089844e-06
GT,sample_z512_y512_x512.npy,../dataset/NPY/Bentheimer\sample_z512_y512_x512.npy,0.2516743540763855,True,0.2514348030090332,0.06286522001028061,-5.364418029785156e-06
GT,sample_z512_y512_x640.npy,../dataset/NPY/Bentheimer\sample_z512_y512_x640.npy,0.25659269094467163,True,0.2563375234603882,0.06224551796913147,-3.516674041748047e-06
GT,sample_z512_y640_x0.npy,../dataset/NPY/Bentheimer\sample_z512_y640_x0.npy,0.23359918594360352,True,0.23338842391967773,0.059586938470602036,-6.496906280517578e-06
GT,sample_z512_y640_x128.npy,../dataset/NPY/Bentheimer\sample_z512_y640_x128.npy,0.2779228687286377,True,0.27771705389022827,0.06461498141288757,-9.179115295410156e-06
GT,sample_z512_y640_x256.npy,../dataset/NPY/Bentheimer\sample_z512_y640_x256.npy,0.27156269550323486,True,0.27134716510772705,0.06679411232471466,-9.775161743164062e-06
GT,sample_z512_y640_x384.npy,../dataset/NPY/Bentheimer\sample_z512_y640_x384.npy,0.250873863697052,True,0.25063109397888184,0.06435422599315643,-7.68899917602539e-06
GT,sample_z512_y640_x512.npy,../dataset/NPY/Bentheimer\sample_z512_y640_x512.npy,0.2360941767692566,True,0.2358238697052002,0.06496136635541916,-1.2695789337158203e-05
GT,sample_z512_y640_x640.npy,../dataset/NPY/Bentheimer\sample_z512_y640_x640.npy,0.23631078004837036,True,0.23602020740509033,0.06594578176736832,-1.0132789611816406e-05
GT,sample_z640_y0_x0.npy,../dataset/NPY/Bentheimer\sample_z640_y0_x0.npy,0.25317245721817017,True,0.2529675364494324,0.06407953053712845,-1.3053417205810547e-05
GT,sample_z640_y0_x128.npy,../dataset/NPY/Bentheimer\sample_z640_y0_x128.npy,0.2533036470413208,True,0.2530825138092041,0.065485380589962,-1.3530254364013672e-05
GT,sample_z640_y0_x256.npy,../dataset/NPY/Bentheimer\sample_z640_y0_x256.npy,0.2654213309288025,True,0.26520252227783203,0.06352300941944122,-9.059906005859375e-06
GT,sample_z640_y0_x384.npy,../dataset/NPY/Bentheimer\sample_z640_y0_x384.npy,0.27345192432403564,True,0.2732040286064148,0.06395135074853897,-8.285045623779297e-06
GT,sample_z640_y0_x512.npy,../dataset/NPY/Bentheimer\sample_z640_y0_x512.npy,0.2758384943008423,True,0.2755544185638428,0.06768664717674255,-8.52346420288086e-06
GT,sample_z640_y0_x640.npy,../dataset/NPY/Bentheimer\sample_z640_y0_x640.npy,0.28240370750427246,True,0.28211939334869385,0.06703432649374008,-6.079673767089844e-06
GT,sample_z640_y128_x0.npy,../dataset/NPY/Bentheimer\sample_z640_y128_x0.npy,0.2661740779876709,True,0.2659794092178345,0.06348397582769394,-1.1980533599853516e-05
GT,sample_z640_y128_x128.npy,../dataset/NPY/Bentheimer\sample_z640_y128_x128.npy,0.2607946991920471,True,0.2605970501899719,0.06503994762897491,-1.4901161193847656e-05
GT,sample_z640_y128_x256.npy,../dataset/NPY/Bentheimer\sample_z640_y128_x256.npy,0.26280707120895386,True,0.2625824213027954,0.06574961543083191,-1.1742115020751953e-05
GT,sample_z640_y128_x384.npy,../dataset/NPY/Bentheimer\sample_z640_y128_x384.npy,0.28420090675354004,True,0.28395402431488037,0.06517939269542694,-7.3909759521484375e-06
GT,sample_z640_y128_x512.npy,../dataset/NPY/Bentheimer\sample_z640_y128_x512.npy,0.27444905042648315,True,0.2741803526878357,0.0669267401099205,-6.854534149169922e-06
GT,sample_z640_y128_x640.npy,../dataset/NPY/Bentheimer\sample_z640_y128_x640.npy,0.2669035792350769,True,0.2666119933128357,0.06370259076356888,-3.6954879760742188e-06
GT,sample_z640_y256_x0.npy,../dataset/NPY/Bentheimer\sample_z640_y256_x0.npy,0.28044289350509644,True,0.28026849031448364,0.06341486424207687,-9.59634780883789e-06
GT,sample_z640_y256_x128.npy,../dataset/NPY/Bentheimer\sample_z640_y256_x128.npy,0.2641338109970093,True,0.2639382481575012,0.06313543766736984,-9.417533874511719e-06
GT,sample_z640_y256_x256.npy,../dataset/NPY/Bentheimer\sample_z640_y256_x256.npy,0.2523964047431946,True,0.25216323137283325,0.062306106090545654,-7.092952728271484e-06
GT,sample_z640_y256_x384.npy,../dataset/NPY/Bentheimer\sample_z640_y256_x384.npy,0.28755027055740356,True,0.2873344421386719,0.06102149933576584,-4.351139068603516e-06
GT,sample_z640_y256_x512.npy,../dataset/NPY/Bentheimer\sample_z640_y256_x512.npy,0.29750949144363403,True,0.29729604721069336,0.06369489431381226,-6.794929504394531e-06
GT,sample_z640_y256_x640.npy,../dataset/NPY/Bentheimer\sample_z640_y256_x640.npy,0.2781352400779724,True,0.27789562940597534,0.06273780018091202,-3.933906555175781e-06
GT,sample_z640_y384_x0.npy,../dataset/NPY/Bentheimer\sample_z640_y384_x0.npy,0.29764264822006226,True,0.29745805263519287,0.0628463625907898,-8.106231689453125e-06
GT,sample_z640_y384_x128.npy,../dataset/NPY/Bentheimer\sample_z640_y384_x128.npy,0.26221317052841187,True,0.2620088458061218,0.06064961850643158,-5.7220458984375e-06
GT,sample_z640_y384_x256.npy,../dataset/NPY/Bentheimer\sample_z640_y384_x256.npy,0.22676128149032593,True,0.2265465259552002,0.05800597369670868,-2.86102294921875e-06
GT,sample_z640_y384_x384.npy,../dataset/NPY/Bentheimer\sample_z640_y384_x384.npy,0.2424386739730835,True,0.24221515655517578,0.06029164791107178,-3.993511199951172e-06
GT,sample_z640_y384_x512.npy,../dataset/NPY/Bentheimer\sample_z640_y384_x512.npy,0.2648237347602844,True,0.2645893692970276,0.06398476660251617,-8.225440979003906e-06
GT,sample_z640_y384_x640.npy,../dataset/NPY/Bentheimer\sample_z640_y384_x640.npy,0.2717053294181824,True,0.2714448571205139,0.06352363526821136,-5.900859832763672e-06
GT,sample_z640_y512_x0.npy,../dataset/NPY/Bentheimer\sample_z640_y512_x0.npy,0.2789115309715271,True,0.27872753143310547,0.06121622398495674,-7.748603820800781e-06
GT,sample_z640_y512_x128.npy,../dataset/NPY/Bentheimer\sample_z640_y512_x128.npy,0.27972543239593506,True,0.27952760457992554,0.06254150718450546,-6.616115570068359e-06
GT,sample_z640_y512_x256.npy,../dataset/NPY/Bentheimer\sample_z640_y512_x256.npy,0.24565160274505615,True,0.24543464183807373,0.06312286853790283,-7.569789886474609e-06
GT,sample_z640_y512_x384.npy,../dataset/NPY/Bentheimer\sample_z640_y512_x384.npy,0.2331472635269165,True,0.23290115594863892,0.06328555941581726,-6.318092346191406e-06
GT,sample_z640_y512_x512.npy,../dataset/NPY/Bentheimer\sample_z640_y512_x512.npy,0.2622806429862976,True,0.26201921701431274,0.0639234259724617,-5.841255187988281e-06
GT,sample_z640_y512_x640.npy,../dataset/NPY/Bentheimer\sample_z640_y512_x640.npy,0.26233142614364624,True,0.2620474696159363,0.061905693262815475,-4.708766937255859e-06
GT,sample_z640_y640_x0.npy,../dataset/NPY/Bentheimer\sample_z640_y640_x0.npy,0.25898081064224243,True,0.2587868571281433,0.06236112862825394,-7.033348083496094e-06
GT,sample_z640_y640_x128.npy,../dataset/NPY/Bentheimer\sample_z640_y640_x128.npy,0.2827867269515991,True,0.2825995683670044,0.06521924585103989,-8.165836334228516e-06
GT,sample_z640_y640_x256.npy,../dataset/NPY/Bentheimer\sample_z640_y640_x256.npy,0.24972134828567505,True,0.24949568510055542,0.06695729494094849,-1.0073184967041016e-05
GT,sample_z640_y640_x384.npy,../dataset/NPY/Bentheimer\sample_z640_y640_x384.npy,0.24463188648223877,True,0.24438685178756714,0.06572484970092773,-8.344650268554688e-06
GT,sample_z640_y640_x512.npy,../dataset/NPY/Bentheimer\sample_z640_y640_x512.npy,0.2654860019683838,True,0.26524221897125244,0.06482876092195511,-7.808208465576172e-06
GT,sample_z640_y640_x640.npy,../dataset/NPY/Bentheimer\sample_z640_y640_x640.npy,0.2583872079849243,True,0.2581173777580261,0.06336594372987747,-5.185604095458984e-06
Gen,sample_000,../samples/Bentheimer/resolution_256/phi_cond_samples\sample_000,0.28468596935272217,False,0.28468596935272217,0.06649844348430634,-6.854534149169922e-06
Gen,sample_001,../samples/Bentheimer/resolution_256/phi_cond_samples\sample_001,0.2648531198501587,False,0.2648531198501587,0.06429281830787659,-6.079673767089844e-06
Gen,sample_002,../samples/Bentheimer/resolution_256/phi_cond_samples\sample_002,0.24676358699798584,False,0.24676358699798584,0.06482449173927307,-6.4373016357421875e-06
Gen,sample_003,../samples/Bentheimer/resolution_256/phi_cond_samples\sample_003,0.2988256812095642,False,0.2988256812095642,0.06815005093812943,-7.62939453125e-06
Gen,sample_004,../samples/Bentheimer/resolution_256/phi_cond_samples\sample_004,0.26125568151474,False,0.26125568151474,0.06486250460147858,-6.198883056640625e-06
Gen,sample_005,../samples/Bentheimer/resolution_256/phi_cond_samples\sample_005,0.26932263374328613,False,0.26932263374328613,0.06618743389844894,-7.510185241699219e-06
Gen,sample_006,../samples/Bentheimer/resolution_256/phi_cond_samples\sample_006,0.2878565788269043,False,0.2878565788269043,0.06666681915521622,-7.748603820800781e-06
Gen,sample_007,../samples/Bentheimer/resolution_256/phi_cond_samples\sample_007,0.249891996383667,False,0.249891996383667,0.06276877224445343,-3.814697265625e-06
Gen,sample_008,../samples/Bentheimer/resolution_256/phi_cond_samples\sample_008,0.2601911425590515,False,0.26019006967544556,0.06592268496751785,-7.3909759521484375e-06
Gen,sample_009,../samples/Bentheimer/resolution_256/phi_cond_samples\sample_009,0.27638936042785645,False,0.27638936042785645,0.06607785820960999,-6.9141387939453125e-06
Gen,sample_010,../samples/Bentheimer/resolution_256/phi_cond_samples\sample_010,0.28157925605773926,False,0.28157925605773926,0.06488671153783798,-7.092952728271484e-06
Gen,sample_011,../samples/Bentheimer/resolution_256/phi_cond_samples\sample_011,0.21408408880233765,False,0.2140827178955078,0.06016908213496208,-4.410743713378906e-06
Gen,sample_012,../samples/Bentheimer/resolution_256/phi_cond_samples\sample_012,0.2606198191642761,False,0.2606198191642761,0.06263519078493118,-5.185604095458984e-06
Gen,sample_013,../samples/Bentheimer/resolution_256/phi_cond_samples\sample_013,0.2728586792945862,False,0.2728586792945862,0.06517402082681656,-7.3909759521484375e-06
Gen,sample_014,../samples/Bentheimer/resolution_256/phi_cond_samples\sample_014,0.28383898735046387,False,0.28383898735046387,0.06719653308391571,-7.510185241699219e-06
Gen,sample_015,../samples/Bentheimer/resolution_256/phi_cond_samples\sample_015,0.27753716707229614,False,0.27753710746765137,0.0663142204284668,-6.496906280517578e-06
Gen,sample_016,../samples/Bentheimer/resolution_256/phi_cond_samples\sample_016,0.2543599605560303,False,0.2543596625328064,0.06454258412122726,-6.079673767089844e-06
Gen,sample_017,../samples/Bentheimer/resolution_256/phi_cond_samples\sample_017,0.2699490189552307,False,0.2699490189552307,0.06487400829792023,-6.079673767089844e-06
Gen,sample_018,../samples/Bentheimer/resolution_256/phi_cond_samples\sample_018,0.24669033288955688,False,0.24669033288955688,0.06467125564813614,-6.377696990966797e-06
Gen,sample_019,../samples/Bentheimer/resolution_256/phi_cond_samples\sample_019,0.24798190593719482,False,0.247979998588562,0.06396841257810593,-5.7220458984375e-06
Gen,sample_020,../samples/Bentheimer/resolution_256/phi_cond_samples\sample_020,0.2648882269859314,False,0.2648882269859314,0.066802479326725,-7.68899917602539e-06
Gen,sample_021,../samples/Bentheimer/resolution_256/phi_cond_samples\sample_021,0.2784714698791504,False,0.2784714698791504,0.06638011336326599,-6.973743438720703e-06
Gen,sample_022,../samples/Bentheimer/resolution_256/phi_cond_samples\sample_022,0.24668043851852417,False,0.24668043851852417,0.06349953263998032,-7.092952728271484e-06
Gen,sample_023,../samples/Bentheimer/resolution_256/phi_cond_samples\sample_023,0.2738768458366394,False,0.2738768458366394,0.06638871878385544,-7.212162017822266e-06
Gen,sample_024,../samples/Bentheimer/resolution_256/phi_cond_samples\sample_024,0.2657740116119385,False,0.2657740116119385,0.06520091742277145,-5.245208740234375e-06
Gen,sample_025,../samples/Bentheimer/resolution_256/phi_cond_samples\sample_025,0.27222347259521484,False,0.27222150564193726,0.06511558592319489,-6.318092346191406e-06
Gen,sample_026,../samples/Bentheimer/resolution_256/phi_cond_samples\sample_026,0.26838499307632446,False,0.26838499307632446,0.06562073528766632,-6.67572021484375e-06
Gen,sample_027,../samples/Bentheimer/resolution_256/phi_cond_samples\sample_027,0.2739101052284241,False,0.2739101052284241,0.06507675349712372,-7.450580596923828e-06
Gen,sample_028,../samples/Bentheimer/resolution_256/phi_cond_samples\sample_028,0.26329314708709717,False,0.26329314708709717,0.06631992012262344,-6.735324859619141e-06
Gen,sample_029,../samples/Bentheimer/resolution_256/phi_cond_samples\sample_029,0.2679702639579773,False,0.2679702639579773,0.06440121680498123,-6.4373016357421875e-06
Gen,sample_030,../samples/Bentheimer/resolution_256/phi_cond_samples\sample_030,0.25014567375183105,False,0.25014567375183105,0.0641891285777092,-6.377696990966797e-06
Gen,sample_031,../samples/Bentheimer/resolution_256/phi_cond_samples\sample_031,0.26498425006866455,False,0.26498425006866455,0.06423860788345337,-6.4373016357421875e-06
Gen,sample_032,../samples/Bentheimer/resolution_256/phi_cond_samples\sample_032,0.2839853763580322,False,0.2839853763580322,0.06492110341787338,-6.496906280517578e-06
Gen,sample_033,../samples/Bentheimer/resolution_256/phi_cond_samples\sample_033,0.25288403034210205,False,0.25288403034210205,0.06489843130111694,-6.854534149169922e-06
Gen,sample_034,../samples/Bentheimer/resolution_256/phi_cond_samples\sample_034,0.301521360874176,False,0.301521360874176,0.06694158166646957,-8.881092071533203e-06
Gen,sample_035,../samples/Bentheimer/resolution_256/phi_cond_samples\sample_035,0.270208477973938,False,0.270208477973938,0.06533538550138474,-7.092952728271484e-06
Gen,sample_036,../samples/Bentheimer/resolution_256/phi_cond_samples\sample_036,0.26657140254974365,False,0.26657140254974365,0.06586337089538574,-5.9604644775390625e-06
Gen,sample_037,../samples/Bentheimer/resolution_256/phi_cond_samples\sample_037,0.258761465549469,False,0.258761465549469,0.0652245581150055,-7.033348083496094e-06
Gen,sample_038,../samples/Bentheimer/resolution_256/phi_cond_samples\sample_038,0.27093881368637085,False,0.27093803882598877,0.06431886553764343,-6.616115570068359e-06
Gen,sample_039,../samples/Bentheimer/resolution_256/phi_cond_samples\sample_039,0.2662191390991211,False,0.2662191390991211,0.06451981514692307,-6.020069122314453e-06
Gen,sample_040,../samples/Bentheimer/resolution_256/phi_cond_samples\sample_040,0.2658553719520569,False,0.2658553719520569,0.0641932338476181,-4.76837158203125e-06
Gen,sample_041,../samples/Bentheimer/resolution_256/phi_cond_samples\sample_041,0.2720906138420105,False,0.2720906138420105,0.06841327250003815,-8.285045623779297e-06
Gen,sample_042,../samples/Bentheimer/resolution_256/phi_cond_samples\sample_042,0.27045977115631104,False,0.27045977115631104,0.06488848477602005,-5.424022674560547e-06
Gen,sample_043,../samples/Bentheimer/resolution_256/phi_cond_samples\sample_043,0.2626996636390686,False,0.2626996636390686,0.06426355242729187,-7.033348083496094e-06
Gen,sample_044,../samples/Bentheimer/resolution_256/phi_cond_samples\sample_044,0.2800455093383789,False,0.2800455093383789,0.06607170403003693,-6.854534149169922e-06
Gen,sample_045,../samples/Bentheimer/resolution_256/phi_cond_samples\sample_045,0.2685586214065552,False,0.26855790615081787,0.06614904850721359,-7.212162017822266e-06
Gen,sample_046,../samples/Bentheimer/resolution_256/phi_cond_samples\sample_046,0.2549026608467102,False,0.2549026608467102,0.06613421440124512,-6.318092346191406e-06
Gen,sample_047,../samples/Bentheimer/resolution_256/phi_cond_samples\sample_047,0.2666727304458618,False,0.2666727304458618,0.06569688022136688,-7.212162017822266e-06
Gen,sample_048,../samples/Bentheimer/resolution_256/phi_cond_samples\sample_048,0.31166356801986694,False,0.31166356801986694,0.0680849626660347,-8.52346420288086e-06
Gen,sample_049,../samples/Bentheimer/resolution_256/phi_cond_samples\sample_049,0.2738642692565918,False,0.2738634943962097,0.06716867536306381,-6.67572021484375e-06
Gen,sample_050,../samples/Bentheimer/resolution_256/phi_cond_samples\sample_050,0.27267342805862427,False,0.27267342805862427,0.06460631638765335,-5.7220458984375e-06
Gen,sample_051,../samples/Bentheimer/resolution_256/phi_cond_samples\sample_051,0.2937576174736023,False,0.2937576174736023,0.06784800440073013,-7.510185241699219e-06
Gen,sample_052,../samples/Bentheimer/resolution_256/phi_cond_samples\sample_052,0.2611238360404968,False,0.2611238360404968,0.06659409403800964,-7.62939453125e-06
Gen,sample_053,../samples/Bentheimer/resolution_256/phi_cond_samples\sample_053,0.2597445845603943,False,0.2597445845603943,0.06481588631868362,-7.62939453125e-06
Gen,sample_054,../samples/Bentheimer/resolution_256/phi_cond_samples\sample_054,0.25577229261398315,False,0.25577229261398315,0.06392928957939148,-5.781650543212891e-06
Gen,sample_055,../samples/Bentheimer/resolution_256/phi_cond_samples\sample_055,0.27538394927978516,False,0.27538394927978516,0.06572702527046204,-6.198883056640625e-06
Gen,sample_056,../samples/Bentheimer/resolution_256/phi_cond_samples\sample_056,0.3207167387008667,False,0.3207162022590637,0.06811155378818512,-7.450580596923828e-06
Gen,sample_057,../samples/Bentheimer/resolution_256/phi_cond_samples\sample_057,0.2612025737762451,False,0.2612025737762451,0.06425809115171432,-4.708766937255859e-06
Gen,sample_058,../samples/Bentheimer/resolution_256/phi_cond_samples\sample_058,0.2676224112510681,False,0.2676224112510681,0.06531690806150436,-6.616115570068359e-06
Gen,sample_059,../samples/Bentheimer/resolution_256/phi_cond_samples\sample_059,0.23519188165664673,False,0.23519188165664673,0.06174453720450401,-4.827976226806641e-06
Gen,sample_060,../samples/Bentheimer/resolution_256/phi_cond_samples\sample_060,0.2630910277366638,False,0.2630910277366638,0.0641326829791069,-5.125999450683594e-06
Gen,sample_061,../samples/Bentheimer/resolution_256/phi_cond_samples\sample_061,0.28811514377593994,False,0.28811508417129517,0.06719385832548141,-7.68899917602539e-06
Gen,sample_062,../samples/Bentheimer/resolution_256/phi_cond_samples\sample_062,0.2491300106048584,False,0.2491300106048584,0.06482966989278793,-5.066394805908203e-06
Gen,sample_063,../samples/Bentheimer/resolution_256/phi_cond_samples\sample_063,0.23683375120162964,False,0.2368336319923401,0.06322973966598511,-4.351139068603516e-06
Gen,sample_064,../samples/Bentheimer/resolution_256/phi_cond_samples\sample_064,0.27817612886428833,False,0.27817612886428833,0.0647030919790268,-8.106231689453125e-06
Gen,sample_065,../samples/Bentheimer/resolution_256/phi_cond_samples\sample_065,0.2568303346633911,False,0.25682908296585083,0.06448081880807877,-6.318092346191406e-06
Gen,sample_066,../samples/Bentheimer/resolution_256/phi_cond_samples\sample_066,0.2695891261100769,False,0.2695876955986023,0.06525852531194687,-6.4373016357421875e-06
Gen,sample_067,../samples/Bentheimer/resolution_256/phi_cond_samples\sample_067,0.2679891586303711,False,0.2679891586303711,0.06483270227909088,-6.020069122314453e-06
Gen,sample_068,../samples/Bentheimer/resolution_256/phi_cond_samples\sample_068,0.27533721923828125,False,0.2753360867500305,0.06635712832212448,-7.092952728271484e-06
Gen,sample_069,../samples/Bentheimer/resolution_256/phi_cond_samples\sample_069,0.2841765880584717,False,0.2841765880584717,0.0632818341255188,-4.0531158447265625e-06
Gen,sample_070,../samples/Bentheimer/resolution_256/phi_cond_samples\sample_070,0.26114922761917114,False,0.26114922761917114,0.06550490111112595,-6.854534149169922e-06
Gen,sample_071,../samples/Bentheimer/resolution_256/phi_cond_samples\sample_071,0.2753922939300537,False,0.2753922939300537,0.06589514017105103,-7.331371307373047e-06
Gen,sample_072,../samples/Bentheimer/resolution_256/phi_cond_samples\sample_072,0.27146321535110474,False,0.27146321535110474,0.06661307066679001,-6.973743438720703e-06
Gen,sample_073,../samples/Bentheimer/resolution_256/phi_cond_samples\sample_073,0.3118928074836731,False,0.3118928074836731,0.06835094094276428,-9.238719940185547e-06
Gen,sample_074,../samples/Bentheimer/resolution_256/phi_cond_samples\sample_074,0.28004807233810425,False,0.28004807233810425,0.06603875011205673,-7.331371307373047e-06
Gen,sample_075,../samples/Bentheimer/resolution_256/phi_cond_samples\sample_075,0.2776232361793518,False,0.2776232361793518,0.06734373420476913,-7.867813110351562e-06
Gen,sample_076,../samples/Bentheimer/resolution_256/phi_cond_samples\sample_076,0.2627429962158203,False,0.2627429962158203,0.065174899995327,-6.258487701416016e-06
Gen,sample_077,../samples/Bentheimer/resolution_256/phi_cond_samples\sample_077,0.25712311267852783,False,0.25712311267852783,0.06458138674497604,-5.245208740234375e-06
Gen,sample_078,../samples/Bentheimer/resolution_256/phi_cond_samples\sample_078,0.2939559817314148,False,0.2939559817314148,0.06658089905977249,-8.285045623779297e-06
Gen,sample_079,../samples/Bentheimer/resolution_256/phi_cond_samples\sample_079,0.30846065282821655,False,0.30846065282821655,0.06887037307024002,-7.271766662597656e-06
Gen,sample_080,../samples/Bentheimer/resolution_256/phi_cond_samples\sample_080,0.257978618144989,False,0.257978618144989,0.0638517364859581,-6.496906280517578e-06
Gen,sample_081,../samples/Bentheimer/resolution_256/phi_cond_samples\sample_081,0.24124199151992798,False,0.24124199151992798,0.06304231286048889,-5.0067901611328125e-06
Gen,sample_082,../samples/Bentheimer/resolution_256/phi_cond_samples\sample_082,0.2942817807197571,False,0.2942817807197571,0.06829836219549179,-9.5367431640625e-06
Gen,sample_083,../samples/Bentheimer/resolution_256/phi_cond_samples\sample_083,0.2449432611465454,False,0.24494165182113647,0.06307269632816315,-5.781650543212891e-06
Gen,sample_084,../samples/Bentheimer/resolution_256/phi_cond_samples\sample_084,0.2484341859817505,False,0.2484341859817505,0.06270509958267212,-3.933906555175781e-06
Gen,sample_085,../samples/Bentheimer/resolution_256/phi_cond_samples\sample_085,0.26527339220046997,False,0.26527178287506104,0.06525546312332153,-6.616115570068359e-06
Gen,sample_086,../samples/Bentheimer/resolution_256/phi_cond_samples\sample_086,0.26900285482406616,False,0.26900285482406616,0.06484084576368332,-5.781650543212891e-06
Gen,sample_087,../samples/Bentheimer/resolution_256/phi_cond_samples\sample_087,0.26935815811157227,False,0.26935815811157227,0.06567762047052383,-6.854534149169922e-06
Gen,sample_088,../samples/Bentheimer/resolution_256/phi_cond_samples\sample_088,0.2615355849266052,False,0.2615355849266052,0.0639331191778183,-6.079673767089844e-06
Gen,sample_089,../samples/Bentheimer/resolution_256/phi_cond_samples\sample_089,0.25497180223464966,False,0.25497061014175415,0.0651351660490036,-5.781650543212891e-06
Gen,sample_090,../samples/Bentheimer/resolution_256/phi_cond_samples\sample_090,0.24741142988204956,False,0.24741142988204956,0.06201805919408798,-4.827976226806641e-06
Gen,sample_091,../samples/Bentheimer/resolution_256/phi_cond_samples\sample_091,0.2631623148918152,False,0.2631620764732361,0.06370514631271362,-6.079673767089844e-06
Gen,sample_092,../samples/Bentheimer/resolution_256/phi_cond_samples\sample_092,0.2638188600540161,False,0.2638174295425415,0.06411150097846985,-4.470348358154297e-06
Gen,sample_093,../samples/Bentheimer/resolution_256/phi_cond_samples\sample_093,0.2758696675300598,False,0.2758696675300598,0.06529464572668076,-5.304813385009766e-06
Gen,sample_094,../samples/Bentheimer/resolution_256/phi_cond_samples\sample_094,0.2703465223312378,False,0.2703465223312378,0.0662633553147316,-6.854534149169922e-06
Gen,sample_095,../samples/Bentheimer/resolution_256/phi_cond_samples\sample_095,0.2644984722137451,False,0.2644984722137451,0.06487482786178589,-5.7220458984375e-06
Gen,sample_096,../samples/Bentheimer/resolution_256/phi_cond_samples\sample_096,0.24487441778182983,False,0.24487441778182983,0.06438817083835602,-6.258487701416016e-06
Gen,sample_097,../samples/Bentheimer/resolution_256/phi_cond_samples\sample_097,0.24730968475341797,False,0.24730968475341797,0.062356024980545044,-4.0531158447265625e-06
Gen,sample_098,../samples/Bentheimer/resolution_256/phi_cond_samples\sample_098,0.25074684619903564,False,0.25074684619903564,0.06329082697629929,-4.5299530029296875e-06
Gen,sample_099,../samples/Bentheimer/resolution_256/phi_cond_samples\sample_099,0.2712816596031189,False,0.2712816596031189,0.06548856198787689,-7.152557373046875e-06
